security_code,board,sort_date,log_offline_oversubscription,listing_year,y_pred,model,cutoff,train_n
688031.SH,科创板,2022-09-30,6.779326048165168,2022.0,7.104033697065388,lgbm_t1_kcb,2022-01-01,379
688035.SH,科创板,2022-09-07,7.818855684385773,2022.0,7.861978333378086,lgbm_t1_kcb,2022-01-01,379
688041.SH,科创板,2022-08-03,7.0989700073732065,2022.0,7.303340082578116,lgbm_t1_kcb,2022-01-01,379
688045.SH,科创板,2022-05-17,7.5095526122582,2022.0,7.4739818779556355,lgbm_t1_kcb,2022-01-01,379
688046.SH,科创板,2022-04-12,7.654979007084658,2022.0,7.616423077191299,lgbm_t1_kcb,2022-01-01,379
688047.SH,科创板,2022-06-15,7.463985571159945,2022.0,7.456395394990491,lgbm_t1_kcb,2022-01-01,379
688048.SH,科创板,2022-03-23,7.446040435102559,2022.0,7.480044731763281,lgbm_t1_kcb,2022-01-01,379
688052.SH,科创板,2022-04-12,7.0629799247586,2022.0,7.205725352735979,lgbm_t1_kcb,2022-01-01,379
688053.SH,科创板,2022-06-29,7.624943396423323,2022.0,7.668596430664431,lgbm_t1_kcb,2022-01-01,379
688061.SH,科创板,2022-09-30,7.32091814981245,2022.0,7.305793999515078,lgbm_t1_kcb,2022-01-01,379
688062.SH,科创板,2022-01-04,7.144544661004412,2022.0,7.146140620878311,lgbm_t1_kcb,2022-01-01,379
688072.SH,科创板,2022-04-08,7.550169218821511,2022.0,7.5393021569226555,lgbm_t1_kcb,2022-01-01,379
688073.SH,科创板,2022-09-23,7.81020429477521,2022.0,7.8048033504781404,lgbm_t1_kcb,2022-01-01,379
688084.SH,科创板,2022-11-29,8.202916927518487,2022.0,8.131532295491436,lgbm_t1_kcb,2022-01-01,379
688102.SH,科创板,2022-03-07,8.199343305446519,2022.0,8.121377184032937,lgbm_t1_kcb,2022-01-01,379
688114.SH,科创板,2022-08-31,7.798586120983977,2022.0,7.802901019223378,lgbm_t1_kcb,2022-01-01,379
688115.SH,科创板,2022-03-03,8.096573744162123,2022.0,8.091517376131272,lgbm_t1_kcb,2022-01-01,379
688119.SH,科创板,2022-05-25,7.849673639841099,2022.0,7.7296059375486585,lgbm_t1_kcb,2022-01-01,379
688120.SH,科创板,2022-05-26,7.426908650598457,2022.0,7.4333805758138105,lgbm_t1_kcb,2022-01-01,379
688125.SH,科创板,2022-04-06,7.636413270664913,2022.0,7.509273708906893,lgbm_t1_kcb,2022-01-01,379
688130.SH,科创板,2022-07-20,7.570430056094019,2022.0,7.525822295240261,lgbm_t1_kcb,2022-01-01,379
688132.SH,科创板,2022-09-14,7.992144565255604,2022.0,7.973206774879752,lgbm_t1_kcb,2022-01-01,379
688137.SH,科创板,2022-09-20,7.753467053628671,2022.0,7.740523510633214,lgbm_t1_kcb,2022-01-01,379
688141.SH,科创板,2022-12-14,7.606509063125992,2022.0,7.6274409240904255,lgbm_t1_kcb,2022-01-01,379
688143.SH,科创板,2022-11-29,8.361085711637463,2022.0,8.25201480634844,lgbm_t1_kcb,2022-01-01,379
688147.SH,科创板,2022-12-14,7.899238822929772,2022.0,7.890844267063434,lgbm_t1_kcb,2022-01-01,379
688150.SH,科创板,2022-03-08,8.052703325401607,2022.0,8.024878014813773,lgbm_t1_kcb,2022-01-01,379
688152.SH,科创板,2022-10-14,8.261389610522196,2022.0,8.150033652316878,lgbm_t1_kcb,2022-01-01,379
688153.SH,科创板,2022-03-30,7.515325562285171,2022.0,7.484706616171526,lgbm_t1_kcb,2022-01-01,379
688163.SH,科创板,2022-02-28,8.22311336356907,2022.0,8.225809540012984,lgbm_t1_kcb,2022-01-01,379
688170.SH,科创板,2022-04-20,7.516467034664447,2022.0,7.35853811822701,lgbm_t1_kcb,2022-01-01,379
688171.SH,科创板,2022-01-18,8.216402724807985,2022.0,8.095746589743127,lgbm_t1_kcb,2022-01-01,379
688172.SH,科创板,2022-12-07,7.2068583330232405,2022.0,7.18833245177339,lgbm_t1_kcb,2022-01-01,379
688173.SH,科创板,2022-01-11,8.225056223972071,2022.0,8.194370837442886,lgbm_t1_kcb,2022-01-01,379
688175.SH,科创板,2022-03-04,8.108405068203998,2022.0,8.103612480183628,lgbm_t1_kcb,2022-01-01,379
688184.SH,科创板,2022-09-07,7.926174962631554,2022.0,7.937116031204667,lgbm_t1_kcb,2022-01-01,379
688193.SH,科创板,2022-03-21,7.876809186438992,2022.0,7.773124974853563,lgbm_t1_kcb,2022-01-01,379
688197.SH,科创板,2022-03-14,6.360569220895823,2022.0,7.052519089718134,lgbm_t1_kcb,2022-01-01,379
688203.SH,科创板,2022-08-05,8.202711571010461,2022.0,8.1845755930863,lgbm_t1_kcb,2022-01-01,379
688205.SH,科创板,2022-07-29,7.726078543588823,2022.0,7.714337332037637,lgbm_t1_kcb,2022-01-01,379
688207.SH,科创板,2022-03-07,7.2866346302994165,2022.0,7.246497665997053,lgbm_t1_kcb,2022-01-01,379
688209.SH,科创板,2022-04-08,7.930216962022527,2022.0,7.903055979891945,lgbm_t1_kcb,2022-01-01,379
688213.SH,科创板,2022-05-11,6.82971232879342,2022.0,7.192121781532622,lgbm_t1_kcb,2022-01-01,379
688220.SH,科创板,2022-01-04,6.978490218853105,2022.0,7.0838850216875064,lgbm_t1_kcb,2022-01-01,379
688223.SH,科创板,2022-01-17,7.250578306571926,2022.0,7.279089976570482,lgbm_t1_kcb,2022-01-01,379
688225.SH,科创板,2022-01-24,8.059420443066719,2022.0,8.045173023812115,lgbm_t1_kcb,2022-01-01,379
688231.SH,科创板,2022-07-11,7.791411201351449,2022.0,7.8108172542231955,lgbm_t1_kcb,2022-01-01,379
688237.SH,科创板,2022-06-22,8.03305643030938,2022.0,7.946558936582369,lgbm_t1_kcb,2022-01-01,379
688238.SH,科创板,2022-03-11,7.847223798629894,2022.0,7.767519743756405,lgbm_t1_kcb,2022-01-01,379
688244.SH,科创板,2022-10-10,8.116172432540775,2022.0,8.003139959149841,lgbm_t1_kcb,2022-01-01,379
688247.SH,科创板,2022-08-16,8.215289996449696,2022.0,8.183729142164074,lgbm_t1_kcb,2022-01-01,379
688251.SH,科创板,2022-05-25,7.804297975669936,2022.0,7.709120063670233,lgbm_t1_kcb,2022-01-01,379
688252.SH,科创板,2022-09-16,8.085771671459733,2022.0,8.062846192375211,lgbm_t1_kcb,2022-01-01,379
688253.SH,科创板,2022-07-19,8.125387911598995,2022.0,8.083726954551715,lgbm_t1_kcb,2022-01-01,379
688261.SH,科创板,2022-01-24,7.58618326169686,2022.0,7.536858696658986,lgbm_t1_kcb,2022-01-01,379
688267.SH,科创板,2022-02-07,8.300195788775465,2022.0,8.281423046668644,lgbm_t1_kcb,2022-01-01,379
688270.SH,科创板,2022-01-18,7.841949816924099,2022.0,7.882495564833269,lgbm_t1_kcb,2022-01-01,379
688271.SH,科创板,2022-08-10,7.213785171010335,2022.0,7.075995578289624,lgbm_t1_kcb,2022-01-01,379
688273.SH,科创板,2022-08-02,7.974089283968797,2022.0,7.957109950250766,lgbm_t1_kcb,2022-01-01,379
688275.SH,科创板,2022-09-19,7.300752991084831,2022.0,7.334771011281379,lgbm_t1_kcb,2022-01-01,379
688279.SH,科创板,2022-04-11,7.180868489064648,2022.0,7.2205860061957186,lgbm_t1_kcb,2022-01-01,379
688281.SH,科创板,2022-02-24,7.491030337431491,2022.0,7.476312976952187,lgbm_t1_kcb,2022-01-01,379
688282.SH,科创板,2022-03-08,7.915273832801762,2022.0,8.02068599479803,lgbm_t1_kcb,2022-01-01,379
688283.SH,科创板,2022-01-28,8.55168309731096,2022.0,8.50047545381692,lgbm_t1_kcb,2022-01-01,379
688290.SH,科创板,2022-04-19,7.869929287452266,2022.0,7.743409295516288,lgbm_t1_kcb,2022-01-01,379
688291.SH,科创板,2022-10-13,7.9507137977362605,2022.0,7.850862690962324,lgbm_t1_kcb,2022-01-01,379
688292.SH,科创板,2022-08-05,8.192852528769189,2022.0,8.174134913089203,lgbm_t1_kcb,2022-01-01,379
688293.SH,科创板,2022-08-24,7.846802115478519,2022.0,7.826043575503102,lgbm_t1_kcb,2022-01-01,379
688295.SH,科创板,2022-03-24,7.613039160920612,2022.0,7.6001303761283046,lgbm_t1_kcb,2022-01-01,379
688297.SH,科创板,2022-06-15,7.213478428110437,2022.0,7.226870403382145,lgbm_t1_kcb,2022-01-01,379
688302.SH,科创板,2022-03-30,6.632613579666264,2022.0,6.826145990713236,lgbm_t1_kcb,2022-01-01,379
688306.SH,科创板,2022-03-11,7.8750517759112455,2022.0,8.005735616706858,lgbm_t1_kcb,2022-01-01,379
688320.SH,科创板,2022-04-19,7.793264153387531,2022.0,7.561453983542843,lgbm_t1_kcb,2022-01-01,379
688322.SH,科创板,2022-06-28,7.507614169340684,2022.0,7.506269705868742,lgbm_t1_kcb,2022-01-01,379
688325.SH,科创板,2022-04-13,7.48774439967773,2022.0,7.461480750907681,lgbm_t1_kcb,2022-01-01,379
688326.SH,科创板,2022-04-07,7.18343177200356,2022.0,7.251067934402342,lgbm_t1_kcb,2022-01-01,379
688327.SH,科创板,2022-05-18,5.874960505689654,2022.0,6.935642064637127,lgbm_t1_kcb,2022-01-01,379
688331.SH,科创板,2022-03-22,7.005431112964273,2022.0,7.151460538613087,lgbm_t1_kcb,2022-01-01,379
688332.SH,科创板,2022-07-06,7.55938339921123,2022.0,7.497692451513346,lgbm_t1_kcb,2022-01-01,379
688337.SH,科创板,2022-03-28,7.4010387550417835,2022.0,7.44159172000107,lgbm_t1_kcb,2022-01-01,379
688348.SH,科创板,2022-05-27,7.015033644389878,2022.0,7.087449224386155,lgbm_t1_kcb,2022-01-01,379
688349.SH,科创板,2022-06-13,7.333642822265887,2022.0,7.285530061157608,lgbm_t1_kcb,2022-01-01,379
688351.SH,科创板,2022-08-19,7.9247622425034825,2022.0,7.8918824974067086,lgbm_t1_kcb,2022-01-01,379
688353.SH,科创板,2022-07-04,7.658459652192525,2022.0,7.685893244275539,lgbm_t1_kcb,2022-01-01,379
688362.SH,科创板,2022-11-07,7.997224698711945,2022.0,7.913755329825705,lgbm_t1_kcb,2022-01-01,379
688370.SH,科创板,2022-08-15,7.90309195115301,2022.0,7.904916765543025,lgbm_t1_kcb,2022-01-01,379
688371.SH,科创板,2022-07-22,7.604568033111056,2022.0,7.609313870171916,lgbm_t1_kcb,2022-01-01,379
688372.SH,科创板,2022-10-17,8.047486989934479,2022.0,7.975888607482357,lgbm_t1_kcb,2022-01-01,379
688373.SH,科创板,2022-07-27,7.583259737969232,2022.0,7.497626757825896,lgbm_t1_kcb,2022-01-01,379
688375.SH,科创板,2022-07-11,7.692139080934625,2022.0,7.701005193853182,lgbm_t1_kcb,2022-01-01,379
688376.SH,科创板,2022-11-08,8.123064235645135,2022.0,8.023063935902044,lgbm_t1_kcb,2022-01-01,379
688380.SH,科创板,2022-07-27,7.51829761406156,2022.0,7.546715272967547,lgbm_t1_kcb,2022-01-01,379
688381.SH,科创板,2022-08-11,7.861702732381254,2022.0,7.835894963887461,lgbm_t1_kcb,2022-01-01,379
688382.SH,科创板,2022-07-14,6.81504321116002,2022.0,7.010554801173612,lgbm_t1_kcb,2022-01-01,379
688387.SH,科创板,2022-09-15,7.330994487728544,2022.0,7.380649235304744,lgbm_t1_kcb,2022-01-01,379
688391.SH,科创板,2022-09-01,8.178407560961784,2022.0,8.161242373049664,lgbm_t1_kcb,2022-01-01,379
688392.SH,科创板,2022-09-15,7.7162421125688585,2022.0,7.694353413896675,lgbm_t1_kcb,2022-01-01,379
688400.SH,科创板,2022-06-23,7.866146918418516,2022.0,7.845524581185866,lgbm_t1_kcb,2022-01-01,379
688401.SH,科创板,2022-08-08,7.950382265445693,2022.0,7.882866670664434,lgbm_t1_kcb,2022-01-01,379
688403.SH,科创板,2022-08-08,8.035060461120395,2022.0,8.03113141424511,lgbm_t1_kcb,2022-01-01,379
688409.SH,科创板,2022-09-22,7.770171451025609,2022.0,7.753646942507016,lgbm_t1_kcb,2022-01-01,379
688410.SH,科创板,2022-12-15,7.9705468306884795,2022.0,7.875826301744103,lgbm_t1_kcb,2022-01-01,379
688416.SH,科创板,2022-08-18,8.153736301986175,2022.0,8.106106661035229,lgbm_t1_kcb,2022-01-01,379
688419.SH,科创板,2022-10-27,7.954721368894011,2022.0,7.797680133789681,lgbm_t1_kcb,2022-01-01,379
688420.SH,科创板,2022-11-29,8.104096879599496,2022.0,8.015305317998536,lgbm_t1_kcb,2022-01-01,379
688426.SH,科创板,2022-10-14,7.693005045969212,2022.0,7.71062997313778,lgbm_t1_kcb,2022-01-01,379
688428.SH,科创板,2022-09-09,6.6075767838010595,2022.0,6.937073270192607,lgbm_t1_kcb,2022-01-01,379
688432.SH,科创板,2022-11-01,7.849508746338085,2022.0,7.816822132957358,lgbm_t1_kcb,2022-01-01,379
688439.SH,科创板,2022-08-17,7.656768577616326,2022.0,7.689527865377786,lgbm_t1_kcb,2022-01-01,379
688448.SH,科创板,2022-09-08,8.315748899027351,2022.0,8.224962139282239,lgbm_t1_kcb,2022-01-01,379
688455.SH,科创板,2022-09-05,8.005926637121334,2022.0,8.001321504175971,lgbm_t1_kcb,2022-01-01,379
688459.SH,科创板,2022-09-26,7.76226668762871,2022.0,7.803249580634022,lgbm_t1_kcb,2022-01-01,379
688475.SH,科创板,2022-12-16,7.3550751920781625,2022.0,7.307674486924018,lgbm_t1_kcb,2022-01-01,379
688480.SH,科创板,2022-11-16,8.321617116309096,2022.0,8.267929515104198,lgbm_t1_kcb,2022-01-01,379
688489.SH,科创板,2022-11-23,8.005323956610967,2022.0,8.022201192160145,lgbm_t1_kcb,2022-01-01,379
688496.SH,科创板,2022-12-19,8.006746162640784,2022.0,7.934949407208428,lgbm_t1_kcb,2022-01-01,379
688498.SH,科创板,2022-12-12,8.03514956340137,2022.0,7.971739944110322,lgbm_t1_kcb,2022-01-01,379
688503.SH,科创板,2022-11-30,7.808866462244733,2022.0,7.68363373541904,lgbm_t1_kcb,2022-01-01,379
688506.SH,科创板,2022-12-26,6.879122238091288,2023.0,7.1161182365376465,lgbm_t1_kcb,2022-01-01,379
688525.SH,科创板,2022-12-21,8.30080283585814,2022.0,8.169728145201791,lgbm_t1_kcb,2022-01-01,379
688146.SH,科创板,2023-04-11,7.84816358985385,2023.0,7.834562823522146,lgbm_t1_kcb,2023-01-01,499
688249.SH,科创板,2023-04-20,6.81263196171792,2023.0,6.943966869248716,lgbm_t1_kcb,2023-01-01,499
688307.SH,科创板,2023-02-06,8.198429367223815,2023.0,8.1956457589471,lgbm_t1_kcb,2023-01-01,499
688334.SH,科创板,2023-06-07,8.078260106590701,2023.0,8.046904041209407,lgbm_t1_kcb,2023-01-01,499
688343.SH,科创板,2023-03-24,7.090910654719104,2023.0,7.170056538506004,lgbm_t1_kcb,2023-01-01,499
688347.SH,科创板,2023-07-25,6.071355550967384,2023.0,5.953171866415044,lgbm_t1_kcb,2023-01-01,499
688352.SH,科创板,2023-04-07,7.873174860522458,2023.0,7.8192266619277655,lgbm_t1_kcb,2023-01-01,499
688361.SH,科创板,2023-05-10,8.03630937097117,2023.0,7.893604114938327,lgbm_t1_kcb,2023-01-01,499
688429.SH,科创板,2023-06-16,8.275972605613834,2023.0,8.303078214020193,lgbm_t1_kcb,2023-01-01,499
688433.SH,科创板,2023-04-04,8.165510024942614,2023.0,8.161071017641367,lgbm_t1_kcb,2023-01-01,499
688435.SH,科创板,2023-01-10,7.999917007449087,2023.0,8.018090639039258,lgbm_t1_kcb,2023-01-01,499
688443.SH,科创板,2023-06-09,7.068597378385808,2023.0,7.007261755500455,lgbm_t1_kcb,2023-01-01,499
688450.SH,科创板,2023-07-13,8.270345887803119,2023.0,8.273727549045319,lgbm_t1_kcb,2023-01-01,499
688458.SH,科创板,2023-05-11,8.014727360340558,2023.0,8.00376188859982,lgbm_t1_kcb,2023-01-01,499
688469.SH,科创板,2023-04-26,7.287109854726641,2023.0,7.082795722338032,lgbm_t1_kcb,2023-01-01,499
688472.SH,科创板,2023-05-31,7.279219520138193,2023.0,7.188252750911749,lgbm_t1_kcb,2023-01-01,499
688478.SH,科创板,2023-04-11,7.9019063142015975,2023.0,7.875474068070291,lgbm_t1_kcb,2023-01-01,499
688479.SH,科创板,2023-04-27,8.220517571314891,2023.0,8.18179704611265,lgbm_t1_kcb,2023-01-01,499
688484.SH,科创板,2023-03-24,7.6932374907047905,2023.0,7.693552784144367,lgbm_t1_kcb,2023-01-01,499
688485.SH,科创板,2023-01-09,8.241094439196745,2023.0,8.23454320375216,lgbm_t1_kcb,2023-01-01,499
688486.SH,科创板,2023-02-08,8.04742335883793,2023.0,7.988215753850294,lgbm_t1_kcb,2023-01-01,499
688502.SH,科创板,2023-02-24,8.154729208996423,2023.0,8.19004729473348,lgbm_t1_kcb,2023-01-01,499
688507.SH,科创板,2023-04-06,7.653557099378286,2023.0,7.55520064390361,lgbm_t1_kcb,2023-01-01,499
688512.SH,科创板,2023-05-04,7.95815307275146,2023.0,7.960117287527732,lgbm_t1_kcb,2023-01-01,499
688515.SH,科创板,2023-01-30,7.430853426312597,2023.0,7.433693327853416,lgbm_t1_kcb,2023-01-01,499
688522.SH,科创板,2023-02-20,8.014854385846794,2023.0,7.94421951600702,lgbm_t1_kcb,2023-01-01,499
688523.SH,科创板,2023-05-24,8.027827774650188,2023.0,8.028155979497575,lgbm_t1_kcb,2023-01-01,499
688531.SH,科创板,2023-03-22,7.48041290832453,2023.0,7.457726950500181,lgbm_t1_kcb,2023-01-01,499
688535.SH,科创板,2023-03-24,8.357936699084203,2023.0,8.400576367705813,lgbm_t1_kcb,2023-01-01,499
688539.SH,科创板,2023-04-07,7.561308720823415,2023.0,7.560403332298793,lgbm_t1_kcb,2023-01-01,499
688543.SH,科创板,2023-06-12,7.983622106462912,2023.0,7.954923070582745,lgbm_t1_kcb,2023-01-01,499
688548.SH,科创板,2023-08-04,7.7121886138736135,2023.0,7.635222231486069,lgbm_t1_kcb,2023-01-01,499
688549.SH,科创板,2023-08-28,7.859324888249953,2023.0,7.759602325567231,lgbm_t1_kcb,2023-01-01,499
688552.SH,科创板,2023-05-04,8.005979358973676,2023.0,7.944713917097793,lgbm_t1_kcb,2023-01-01,499
688562.SH,科创板,2023-05-11,8.20123769959761,2023.0,8.036412090102758,lgbm_t1_kcb,2023-01-01,499
688563.SH,科创板,2023-07-10,7.3345645054170285,2023.0,7.269682630704508,lgbm_t1_kcb,2023-01-01,499
688570.SH,科创板,2023-05-25,7.87364845456117,2023.0,7.846507000799585,lgbm_t1_kcb,2023-01-01,499
688573.SH,科创板,2023-08-07,8.101739260714107,2023.0,8.133261525634788,lgbm_t1_kcb,2023-01-01,499
688576.SH,科创板,2023-05-26,7.488767381602299,2023.0,7.40614406908277,lgbm_t1_kcb,2023-01-01,499
688581.SH,科创板,2023-05-10,7.946221908196358,2023.0,7.876579027326684,lgbm_t1_kcb,2023-01-01,499
688582.SH,科创板,2023-06-19,7.99400067860426,2023.0,7.996839940223366,lgbm_t1_kcb,2023-01-01,499
688591.SH,科创板,2023-08-16,7.894500746632108,2023.0,7.860355921701501,lgbm_t1_kcb,2023-01-01,499
688592.SH,科创板,2023-08-03,7.7324904775367935,2023.0,7.672642316445757,lgbm_t1_kcb,2023-01-01,499
688593.SH,科创板,2023-05-23,8.125961762167782,2023.0,8.078621038855804,lgbm_t1_kcb,2023-01-01,499
688602.SH,科创板,2023-07-11,8.146968694043863,2023.0,8.089743001809936,lgbm_t1_kcb,2023-01-01,499
688603.SH,科创板,2023-06-28,8.125401672245278,2023.0,8.237396043145297,lgbm_t1_kcb,2023-01-01,499
688610.SH,科创板,2023-07-06,7.686540744271855,2023.0,7.674653752386236,lgbm_t1_kcb,2023-01-01,499
688612.SH,科创板,2023-07-17,8.085539403917645,2023.0,8.075634341933135,lgbm_t1_kcb,2023-01-01,499
688620.SH,科创板,2023-06-13,8.069341208751498,2023.0,8.03496688223305,lgbm_t1_kcb,2023-01-01,499
688623.SH,科创板,2023-05-29,7.862469791158312,2023.0,7.802764270866527,lgbm_t1_kcb,2023-01-01,499
688627.SH,科创板,2023-07-07,8.103946021459764,2023.0,8.095923137980751,lgbm_t1_kcb,2023-01-01,499
688629.SH,科创板,2023-06-14,8.239597044584634,2023.0,8.275464193416267,lgbm_t1_kcb,2023-01-01,499
688631.SH,科创板,2023-06-15,8.26903224852667,2023.0,8.17811440934501,lgbm_t1_kcb,2023-01-01,499
688638.SH,科创板,2023-06-30,7.866131462877864,2023.0,7.87952559213078,lgbm_t1_kcb,2023-01-01,499
688646.SH,科创板,2023-07-19,8.126630932153688,2023.0,8.079545079576743,lgbm_t1_kcb,2023-01-01,499
688648.SH,科创板,2023-11-02,8.326631247701346,2023.0,8.254443191816186,lgbm_t1_kcb,2023-01-01,499
688651.SH,科创板,2023-07-17,8.180893203959286,2023.0,8.19824647358761,lgbm_t1_kcb,2023-01-01,499
688652.SH,科创板,2023-11-20,8.095259650004328,2023.0,8.024878463096561,lgbm_t1_kcb,2023-01-01,499
688653.SH,科创板,2023-11-08,8.231354086323018,2023.0,8.210458737319522,lgbm_t1_kcb,2023-01-01,499
688657.SH,科创板,2023-09-21,8.139508421524438,2023.0,8.094907015231973,lgbm_t1_kcb,2023-01-01,499
688671.SH,科创板,2023-07-31,8.000667586914641,2023.0,7.997578918471172,lgbm_t1_kcb,2023-01-01,499
688693.SH,科创板,2023-08-08,8.236291493517166,2023.0,8.219764810106698,lgbm_t1_kcb,2023-01-01,499
688702.SH,科创板,2023-09-04,8.00779751145978,2023.0,7.914892700659533,lgbm_t1_kcb,2023-01-01,499
688716.SH,科创板,2023-09-11,8.28126949585104,2023.0,8.277019024966565,lgbm_t1_kcb,2023-01-01,499
688717.SH,科创板,2023-12-22,6.538991125562154,2024.0,6.566294981927991,lgbm_t1_kcb,2023-01-01,499
688719.SH,科创板,2023-09-18,8.059822169728752,2023.0,8.0832127420399,lgbm_t1_kcb,2023-01-01,499
688720.SH,科创板,2023-11-27,8.338605327707251,2023.0,8.28586476386291,lgbm_t1_kcb,2023-01-01,499
688449.SH,科创板,2024-11-18,7.603717892488627,2024.0,7.289071352768611,lgbm_t1_kcb,2024-01-01,566
688530.SH,科创板,2024-04-25,8.223603758149316,2024.0,8.239568054762993,lgbm_t1_kcb,2024-01-01,566
688584.SH,科创板,2024-01-30,7.840231555369028,2024.0,7.900346876161889,lgbm_t1_kcb,2024-01-01,566
688605.SH,科创板,2024-12-02,7.61954137076761,2024.0,7.4639299747781385,lgbm_t1_kcb,2024-01-01,566
688615.SH,科创板,2024-09-13,7.813062593352827,2024.0,7.795941712914404,lgbm_t1_kcb,2024-01-01,566
688691.SH,科创板,2024-03-29,8.264196666346287,2024.0,8.293040895176413,lgbm_t1_kcb,2024-01-01,566
688692.SH,科创板,2024-05-31,7.973048122379822,2024.0,7.957834495348894,lgbm_t1_kcb,2024-01-01,566
688695.SH,科创板,2024-03-04,8.180185291352977,2024.0,8.145957896264058,lgbm_t1_kcb,2024-01-01,566
688708.SH,科创板,2024-11-25,7.5625412369209695,2024.0,7.399884627593431,lgbm_t1_kcb,2024-01-01,566
688709.SH,科创板,2024-01-29,7.965926438091723,2024.0,8.00713093583384,lgbm_t1_kcb,2024-01-01,566
688710.SH,科创板,2024-08-23,8.079333323437437,2024.0,8.059767603017686,lgbm_t1_kcb,2024-01-01,566
688721.SH,科创板,2024-07-26,8.132035465546982,2024.0,8.131350511776146,lgbm_t1_kcb,2024-01-01,566
688726.SH,科创板,2024-10-18,7.264479831690334,2024.0,7.071477471901318,lgbm_t1_kcb,2024-01-01,566
688750.SH,科创板,2024-11-08,7.639949071002082,2024.0,7.519070451257276,lgbm_t1_kcb,2024-01-01,566
688758.SH,科创板,2024-12-30,7.6814937551752625,2025.0,7.5823645696009265,lgbm_t1_kcb,2024-01-01,566
688411.SH,科创板,2025-01-16,7.7714921327932105,2025.0,7.823161404705726,lgbm_t1_kcb,2025-01-01,581
688545.SH,科创板,2025-01-13,7.792628983984271,2025.0,7.722414562099913,lgbm_t1_kcb,2025-01-01,581
688583.SH,科创板,2025-01-06,7.962139884517195,2025.0,7.97049785672763,lgbm_t1_kcb,2025-01-01,581
688712.SH,科创板,2026-01-26,8.400004441637016,2026.0,8.302398694106156,lgbm_t1_kcb,2025-01-01,581
688727.SH,科创板,2025-11-07,8.273026570869465,2025.0,8.214520329202944,lgbm_t1_kcb,2025-01-01,581
688729.SH,科创板,2025-06-27,7.758685477292394,2025.0,7.688051060191675,lgbm_t1_kcb,2025-01-01,581
688755.SH,科创板,2025-05-07,7.995781431715859,2025.0,7.979511537194428,lgbm_t1_kcb,2025-01-01,581
688757.SH,科创板,2025-03-14,7.797329358278279,2025.0,7.794299107955335,lgbm_t1_kcb,2025-01-01,581
688759.SH,科创板,2025-10-17,8.045190733843487,2025.0,7.966350916305012,lgbm_t1_kcb,2025-01-01,581
688765.SH,科创板,2025-10-14,7.733101089432776,2025.0,7.696122746388724,lgbm_t1_kcb,2025-01-01,581
688775.SH,科创板,2025-05-30,7.72790535029827,2025.0,7.702612245492643,lgbm_t1_kcb,2025-01-01,581
688781.SH,科创板,2026-03-16,8.241338630704984,2026.0,8.136904152568192,lgbm_t1_kcb,2025-01-01,581
688783.SH,科创板,2025-10-16,7.735035895901901,2025.0,7.540123149981933,lgbm_t1_kcb,2025-01-01,581
688785.SH,科创板,2026-01-16,8.268204898440775,2026.0,8.235694312856031,lgbm_t1_kcb,2025-01-01,581
688790.SH,科创板,2025-12-05,8.087754171890131,2025.0,8.041567816273787,lgbm_t1_kcb,2025-01-01,581
688795.SH,科创板,2025-11-24,7.493357003083071,2025.0,7.374000113706524,lgbm_t1_kcb,2025-01-01,581
688796.SH,科创板,2025-11-28,8.241697285107715,2025.0,8.18035029588005,lgbm_t1_kcb,2025-01-01,581
688802.SH,科创板,2025-12-05,7.825733626032395,2025.0,7.682039223022641,lgbm_t1_kcb,2025-01-01,581
688805.SH,科创板,2025-12-15,8.33742464491637,2025.0,8.282135527245195,lgbm_t1_kcb,2025-01-01,581
688807.SH,科创板,2025-12-08,8.348288717656798,2025.0,8.279980461849696,lgbm_t1_kcb,2025-01-01,581
688808.SH,科创板,2026-04-14,8.37046407354205,2026.0,8.256543699917373,lgbm_t1_kcb,2025-01-01,581
688809.SH,科创板,2025-12-19,8.163852425779485,2025.0,8.102429208558902,lgbm_t1_kcb,2025-01-01,581
688811.SH,科创板,2026-03-30,8.39796282137657,2026.0,8.328099481669959,lgbm_t1_kcb,2025-01-01,581
688813.SH,科创板,2026-03-20,8.460121169138548,2026.0,8.376035443870121,lgbm_t1_kcb,2025-01-01,581
688816.SH,科创板,2026-02-02,8.291792419495286,2026.0,8.238741261902177,lgbm_t1_kcb,2025-01-01,581
688818.SH,科创板,2026-01-30,8.090244086101379,2026.0,8.092467106119694,lgbm_t1_kcb,2025-01-01,581
688820.SH,科创板,2026-04-09,7.984280262463978,2026.0,7.847649174613379,lgbm_t1_kcb,2025-01-01,581
300834.SZ,创业板,2022-01-04,7.825434766089187,2022.0,7.796384438245733,lgbm_t1_cyb,2022-01-01,197
301095.SZ,创业板,2022-07-26,7.701903822886016,2022.0,7.637837503913777,lgbm_t1_cyb,2022-01-01,197
301097.SZ,创业板,2022-03-23,7.8873116221878155,2022.0,7.844002460334663,lgbm_t1_cyb,2022-01-01,197
301102.SZ,创业板,2022-03-11,7.896082613490345,2022.0,7.8646268121388365,lgbm_t1_cyb,2022-01-01,197
301103.SZ,创业板,2022-03-10,8.188710346441235,2022.0,8.18471844870403,lgbm_t1_cyb,2022-01-01,197
301109.SZ,创业板,2022-03-31,7.583381561121553,2022.0,7.508061611418012,lgbm_t1_cyb,2022-01-01,197
301110.SZ,创业板,2022-03-02,8.218226162694867,2022.0,8.281929945862736,lgbm_t1_cyb,2022-01-01,197
301112.SZ,创业板,2022-06-16,8.021604756494218,2022.0,7.946364193825263,lgbm_t1_cyb,2022-01-01,197
301115.SZ,创业板,2022-08-19,7.746326386068326,2022.0,7.6957227000329835,lgbm_t1_cyb,2022-01-01,197
301116.SZ,创业板,2022-01-06,8.188653262690066,2022.0,8.26647703672693,lgbm_t1_cyb,2022-01-01,197
301117.SZ,创业板,2022-01-05,8.009405780935884,2022.0,7.837532259860541,lgbm_t1_cyb,2022-01-01,197
301120.SZ,创业板,2022-04-07,7.899905260057359,2022.0,7.897256056564948,lgbm_t1_cyb,2022-01-01,197
301121.SZ,创业板,2022-07-28,7.998493112009775,2022.0,8.033318887965452,lgbm_t1_cyb,2022-01-01,197
301122.SZ,创业板,2022-01-17,7.8835852061633895,2022.0,7.882428122344419,lgbm_t1_cyb,2022-01-01,197
301123.SZ,创业板,2022-01-12,7.94865204571322,2022.0,7.826408903413681,lgbm_t1_cyb,2022-01-01,197
301125.SZ,创业板,2022-05-25,8.01350470425641,2022.0,7.995574959159734,lgbm_t1_cyb,2022-01-01,197
301130.SZ,创业板,2022-02-14,8.394729536230944,2022.0,8.435838901007717,lgbm_t1_cyb,2022-01-01,197
301132.SZ,创业板,2022-08-01,8.1540672846877,2022.0,8.115623305535257,lgbm_t1_cyb,2022-01-01,197
301135.SZ,创业板,2022-03-30,8.199223223265527,2022.0,8.242679679902277,lgbm_t1_cyb,2022-01-01,197
301137.SZ,创业板,2022-03-10,8.202327229051468,2022.0,8.240159954547739,lgbm_t1_cyb,2022-01-01,197
301139.SZ,创业板,2022-06-28,7.8789226812763,2022.0,7.872580052651843,lgbm_t1_cyb,2022-01-01,197
301148.SZ,创业板,2022-04-12,7.801415910823834,2022.0,7.832904657544328,lgbm_t1_cyb,2022-01-01,197
301150.SZ,创业板,2022-04-12,7.5701656877667745,2022.0,7.548183179127434,lgbm_t1_cyb,2022-01-01,197
301151.SZ,创业板,2022-03-28,7.940834454291991,2022.0,7.830225484047571,lgbm_t1_cyb,2022-01-01,197
301152.SZ,创业板,2022-08-17,7.935451669761261,2022.0,7.886656859331441,lgbm_t1_cyb,2022-01-01,197
301153.SZ,创业板,2022-05-06,7.968566595520889,2022.0,7.875458602030592,lgbm_t1_cyb,2022-01-01,197
301158.SZ,创业板,2022-01-05,8.386324467882831,2022.0,8.321930456944534,lgbm_t1_cyb,2022-01-01,197
301160.SZ,创业板,2022-05-23,7.783332343801739,2022.0,7.752029525764522,lgbm_t1_cyb,2022-01-01,197
301161.SZ,创业板,2022-09-02,8.343209355026787,2022.0,8.337509232801255,lgbm_t1_cyb,2022-01-01,197
301162.SZ,创业板,2022-04-15,7.709794666430244,2022.0,7.635990559207773,lgbm_t1_cyb,2022-01-01,197
301163.SZ,创业板,2022-04-07,8.085199973973726,2022.0,8.14666495543964,lgbm_t1_cyb,2022-01-01,197
301165.SZ,创业板,2022-11-10,7.750229380873702,2022.0,7.744965512874511,lgbm_t1_cyb,2022-01-01,197
301171.SZ,创业板,2022-08-08,8.095492903098823,2022.0,8.098826069058672,lgbm_t1_cyb,2022-01-01,197
301175.SZ,创业板,2022-06-28,7.676434378117009,2022.0,7.751616480923899,lgbm_t1_cyb,2022-01-01,197
301176.SZ,创业板,2022-09-19,8.046531553730423,2022.0,7.986496723403824,lgbm_t1_cyb,2022-01-01,197
301181.SZ,创业板,2022-02-09,8.220009373348551,2022.0,8.186271320548666,lgbm_t1_cyb,2022-01-01,197
301187.SZ,创业板,2022-04-11,7.903011966732928,2022.0,7.846197279030798,lgbm_t1_cyb,2022-01-01,197
301195.SZ,创业板,2022-07-21,7.70856781701018,2022.0,7.695959075985041,lgbm_t1_cyb,2022-01-01,197
301197.SZ,创业板,2022-07-27,8.191596892785272,2022.0,8.152221790283724,lgbm_t1_cyb,2022-01-01,197
301200.SZ,创业板,2022-02-16,7.475866138545832,2022.0,7.529081290834644,lgbm_t1_cyb,2022-01-01,197
301201.SZ,创业板,2022-01-10,7.742454147193342,2022.0,7.702978113268636,lgbm_t1_cyb,2022-01-01,197
301206.SZ,创业板,2022-01-24,7.504880866743531,2022.0,7.586929581493117,lgbm_t1_cyb,2022-01-01,197
301207.SZ,创业板,2022-02-08,7.834342064118798,2022.0,8.000713738741206,lgbm_t1_cyb,2022-01-01,197
301212.SZ,创业板,2022-04-01,8.00789103991017,2022.0,8.022271179541747,lgbm_t1_cyb,2022-01-01,197
301215.SZ,创业板,2022-02-24,7.837017713359861,2022.0,7.7863301269531755,lgbm_t1_cyb,2022-01-01,197
301216.SZ,创业板,2022-03-17,7.750380008711743,2022.0,7.7434605753894115,lgbm_t1_cyb,2022-01-01,197
301217.SZ,创业板,2022-01-18,7.468426566824354,2022.0,7.5972080023598565,lgbm_t1_cyb,2022-01-01,197
301219.SZ,创业板,2022-03-08,7.8601012576647635,2022.0,7.722665952405772,lgbm_t1_cyb,2022-01-01,197
301220.SZ,创业板,2022-06-13,7.297548488574802,2022.0,7.163928023056182,lgbm_t1_cyb,2022-01-01,197
301222.SZ,创业板,2022-02-28,8.226795060481397,2022.0,8.226592153915634,lgbm_t1_cyb,2022-01-01,197
301223.SZ,创业板,2022-10-11,7.72908857283127,2022.0,7.740915704635359,lgbm_t1_cyb,2022-01-01,197
301227.SZ,创业板,2022-09-14,8.035866724100071,2022.0,8.000373512198584,lgbm_t1_cyb,2022-01-01,197
301228.SZ,创业板,2022-01-19,7.9978390026089,2022.0,7.937976145014562,lgbm_t1_cyb,2022-01-01,197
301230.SZ,创业板,2022-10-19,7.9181194625912585,2022.0,7.8525408816123505,lgbm_t1_cyb,2022-01-01,197
301231.SZ,创业板,2022-08-29,8.26864334102303,2022.0,8.282255707162859,lgbm_t1_cyb,2022-01-01,197
301233.SZ,创业板,2022-06-22,8.199762174647054,2022.0,8.12321614156652,lgbm_t1_cyb,2022-01-01,197
301235.SZ,创业板,2022-01-19,7.850537706564703,2022.0,7.910383621459929,lgbm_t1_cyb,2022-01-01,197
301236.SZ,创业板,2022-03-04,7.324572902739561,2022.0,7.400515100263405,lgbm_t1_cyb,2022-01-01,197
301237.SZ,创业板,2022-03-14,8.081198811513248,2022.0,8.173819556582613,lgbm_t1_cyb,2022-01-01,197
301238.SZ,创业板,2022-06-08,7.304699722443868,2022.0,6.698708650914311,lgbm_t1_cyb,2022-01-01,197
301239.SZ,创业板,2022-06-20,7.89003507944105,2022.0,7.998837189949708,lgbm_t1_cyb,2022-01-01,197
301248.SZ,创业板,2022-04-11,7.873370546509562,2022.0,7.872062411965754,lgbm_t1_cyb,2022-01-01,197
301256.SZ,创业板,2022-03-10,8.090352892982544,2022.0,8.12310981589507,lgbm_t1_cyb,2022-01-01,197
301258.SZ,创业板,2022-03-17,8.178780080516495,2022.0,8.202123944312827,lgbm_t1_cyb,2022-01-01,197
301259.SZ,创业板,2022-04-14,8.147350098137897,2022.0,8.168748448713318,lgbm_t1_cyb,2022-01-01,197
301263.SZ,创业板,2022-03-18,8.096879831599814,2022.0,8.133539908196063,lgbm_t1_cyb,2022-01-01,197
301265.SZ,创业板,2022-12-06,8.162033498904009,2022.0,8.076205812997046,lgbm_t1_cyb,2022-01-01,197
301266.SZ,创业板,2022-05-26,7.819347912052671,2022.0,7.7951446486159455,lgbm_t1_cyb,2022-01-01,197
301267.SZ,创业板,2022-10-24,7.754452258876811,2022.0,7.836783698531514,lgbm_t1_cyb,2022-01-01,197
301268.SZ,创业板,2022-03-25,7.9696516455537045,2022.0,7.971562403161439,lgbm_t1_cyb,2022-01-01,197
301269.SZ,创业板,2022-07-19,7.86811571784449,2022.0,7.829401756276312,lgbm_t1_cyb,2022-01-01,197
301270.SZ,创业板,2022-08-17,8.438187018022054,2022.0,8.348951212164243,lgbm_t1_cyb,2022-01-01,197
301273.SZ,创业板,2022-09-30,7.933275448573793,2022.0,7.876251633293974,lgbm_t1_cyb,2022-01-01,197
301276.SZ,创业板,2022-08-30,8.167276076115884,2022.0,8.132293858449296,lgbm_t1_cyb,2022-01-01,197
301277.SZ,创业板,2022-11-07,8.03564293166872,2022.0,8.010327500907827,lgbm_t1_cyb,2022-01-01,197
301279.SZ,创业板,2022-03-31,8.105254373996546,2022.0,8.122712486027975,lgbm_t1_cyb,2022-01-01,197
301280.SZ,创业板,2022-12-15,7.718684650753665,2022.0,7.715064936747021,lgbm_t1_cyb,2022-01-01,197
301282.SZ,创业板,2022-08-16,8.224046964291407,2022.0,8.219674017517871,lgbm_t1_cyb,2022-01-01,197
301283.SZ,创业板,2022-08-24,8.155005164036352,2022.0,8.228361055562912,lgbm_t1_cyb,2022-01-01,197
301285.SZ,创业板,2022-09-19,8.331646800429468,2022.0,8.223038823368542,lgbm_t1_cyb,2022-01-01,197
301286.SZ,创业板,2022-06-01,7.8728182320076066,2022.0,7.984591124158746,lgbm_t1_cyb,2022-01-01,197
301288.SZ,创业板,2022-04-12,7.999850074860394,2022.0,7.928136759602069,lgbm_t1_cyb,2022-01-01,197
301290.SZ,创业板,2022-11-21,7.906153932199567,2022.0,7.92453526307812,lgbm_t1_cyb,2022-01-01,197
301296.SZ,创业板,2022-08-24,7.925089975598532,2022.0,8.004821808550261,lgbm_t1_cyb,2022-01-01,197
301297.SZ,创业板,2022-12-21,8.002328019651332,2022.0,7.877112298367665,lgbm_t1_cyb,2022-01-01,197
301298.SZ,创业板,2022-05-25,8.02586805780433,2022.0,7.984838573403506,lgbm_t1_cyb,2022-01-01,197
301300.SZ,创业板,2022-08-05,8.299575121474586,2022.0,8.343098226463585,lgbm_t1_cyb,2022-01-01,197
301301.SZ,创业板,2022-12-16,7.855962846285036,2022.0,7.8963716239727315,lgbm_t1_cyb,2022-01-01,197
301302.SZ,创业板,2022-06-14,7.7145420786470185,2022.0,7.807801112748155,lgbm_t1_cyb,2022-01-01,197
301306.SZ,创业板,2022-07-15,8.189064831635193,2022.0,8.133764607536571,lgbm_t1_cyb,2022-01-01,197
301308.SZ,创业板,2022-07-25,7.486567740352652,2022.0,7.588126062955682,lgbm_t1_cyb,2022-01-01,197
301309.SZ,创业板,2022-09-06,8.391907322265013,2022.0,8.301170591149551,lgbm_t1_cyb,2022-01-01,197
301311.SZ,创业板,2022-11-21,8.064483822613887,2022.0,8.00396873847382,lgbm_t1_cyb,2022-01-01,197
301313.SZ,创业板,2022-09-20,8.428624806555073,2022.0,8.334158911116955,lgbm_t1_cyb,2022-01-01,197
301316.SZ,创业板,2022-09-27,8.511400948720029,2022.0,8.376722531824935,lgbm_t1_cyb,2022-01-01,197
301318.SZ,创业板,2022-08-01,8.165832984921067,2022.0,8.146821195215864,lgbm_t1_cyb,2022-01-01,197
301319.SZ,创业板,2022-09-20,8.53365821589186,2022.0,8.382000390620789,lgbm_t1_cyb,2022-01-01,197
301326.SZ,创业板,2022-09-07,8.011775120446684,2022.0,7.927249059765616,lgbm_t1_cyb,2022-01-01,197
301327.SZ,创业板,2022-09-06,6.867617113097776,2022.0,7.19261114398,lgbm_t1_cyb,2022-01-01,197
301328.SZ,创业板,2022-08-26,8.136866011364939,2022.0,8.122327017236842,lgbm_t1_cyb,2022-01-01,197
301330.SZ,创业板,2022-08-08,7.696969898008224,2022.0,7.750168695126661,lgbm_t1_cyb,2022-01-01,197
301335.SZ,创业板,2022-11-09,7.7377955079649,2022.0,7.7129192512365705,lgbm_t1_cyb,2022-01-01,197
301338.SZ,创业板,2022-08-04,8.104019972000794,2022.0,8.149436164189177,lgbm_t1_cyb,2022-01-01,197
301339.SZ,创业板,2022-08-31,8.020137525126069,2022.0,7.983100031946918,lgbm_t1_cyb,2022-01-01,197
301349.SZ,创业板,2022-08-26,8.037043932887837,2022.0,8.088592773181404,lgbm_t1_cyb,2022-01-01,197
301356.SZ,创业板,2022-11-01,7.43025191080268,2022.0,7.579252588943757,lgbm_t1_cyb,2022-01-01,197
301359.SZ,创业板,2022-10-31,8.029225327195151,2022.0,8.052710446876912,lgbm_t1_cyb,2022-01-01,197
301361.SZ,创业板,2022-11-04,7.742602999882226,2022.0,7.726480483718755,lgbm_t1_cyb,2022-01-01,197
301363.SZ,创业板,2022-09-26,7.971350946239458,2022.0,7.879275051685596,lgbm_t1_cyb,2022-01-01,197
301365.SZ,创业板,2022-11-10,7.8391086771673155,2022.0,7.866465934461025,lgbm_t1_cyb,2022-01-01,197
301366.SZ,创业板,2022-09-15,7.96157474844136,2022.0,7.908618873112526,lgbm_t1_cyb,2022-01-01,197
301367.SZ,创业板,2022-10-19,7.7896404701304975,2022.0,7.8017318566038485,lgbm_t1_cyb,2022-01-01,197
301368.SZ,创业板,2022-12-05,8.144654335533827,2022.0,8.171850370452443,lgbm_t1_cyb,2022-01-01,197
301377.SZ,创业板,2022-11-09,7.702642017437792,2022.0,7.843457290730648,lgbm_t1_cyb,2022-01-01,197
301379.SZ,创业板,2022-10-17,7.885760748868337,2022.0,7.895653773996907,lgbm_t1_cyb,2022-01-01,197
301388.SZ,创业板,2022-10-24,8.217358075653795,2022.0,8.161566317742913,lgbm_t1_cyb,2022-01-01,197
301389.SZ,创业板,2022-10-14,7.720408765071206,2022.0,7.750434320642159,lgbm_t1_cyb,2022-01-01,197
301391.SZ,创业板,2022-11-22,7.696235230000328,2022.0,7.695839717231858,lgbm_t1_cyb,2022-01-01,197
301396.SZ,创业板,2022-11-02,7.754998480732728,2022.0,7.815445332127439,lgbm_t1_cyb,2022-01-01,197
301398.SZ,创业板,2022-12-06,8.023957454523368,2022.0,8.049523649710165,lgbm_t1_cyb,2022-01-01,197
300804.SZ,创业板,2023-06-13,7.985246615745925,2023.0,8.042766893947595,lgbm_t1_cyb,2023-01-01,317
300904.SZ,创业板,2023-07-31,7.7778130283091755,2023.0,7.758951497732162,lgbm_t1_cyb,2023-01-01,317
301141.SZ,创业板,2023-03-23,7.962268647368705,2023.0,7.983733590693854,lgbm_t1_cyb,2023-01-01,317
301157.SZ,创业板,2023-02-27,8.238913154316593,2023.0,8.19905688131194,lgbm_t1_cyb,2023-01-01,317
301170.SZ,创业板,2023-06-14,8.147289387831638,2023.0,8.096049524905396,lgbm_t1_cyb,2023-01-01,317
301172.SZ,创业板,2023-07-17,7.845179203538004,2023.0,7.834369414366233,lgbm_t1_cyb,2023-01-01,317
301202.SZ,创业板,2023-06-26,8.288713930487509,2023.0,8.148915106177778,lgbm_t1_cyb,2023-01-01,317
301203.SZ,创业板,2023-03-24,8.071796161305725,2023.0,8.0412323958107,lgbm_t1_cyb,2023-01-01,317
301210.SZ,创业板,2023-06-19,7.930522307798598,2023.0,7.876364636385821,lgbm_t1_cyb,2023-01-01,317
301225.SZ,创业板,2023-06-06,7.907284271921528,2023.0,7.9485578878203995,lgbm_t1_cyb,2023-01-01,317
301232.SZ,创业板,2023-06-06,7.882332579201684,2023.0,7.880945768287521,lgbm_t1_cyb,2023-01-01,317
301246.SZ,创业板,2023-03-08,7.430703229545066,2023.0,7.509760913071968,lgbm_t1_cyb,2023-01-01,317
301251.SZ,创业板,2023-08-28,8.16298885016661,2023.0,8.111156193324703,lgbm_t1_cyb,2023-01-01,317
301260.SZ,创业板,2023-01-18,7.357279695849617,2023.0,7.411997204342034,lgbm_t1_cyb,2023-01-01,317
301261.SZ,创业板,2023-06-27,8.247119104501058,2023.0,8.11918828207842,lgbm_t1_cyb,2023-01-01,317
301262.SZ,创业板,2023-06-09,7.768172432438169,2023.0,7.753081623485164,lgbm_t1_cyb,2023-01-01,317
301272.SZ,创业板,2023-07-04,8.151232064029616,2023.0,8.126696101430461,lgbm_t1_cyb,2023-01-01,317
301281.SZ,创业板,2023-03-24,8.014383123742807,2023.0,8.043819902984398,lgbm_t1_cyb,2023-01-01,317
301291.SZ,创业板,2023-06-19,7.509959235690581,2023.0,7.563152574183265,lgbm_t1_cyb,2023-01-01,317
301292.SZ,创业板,2023-06-27,8.006362500970745,2023.0,7.9554576484590225,lgbm_t1_cyb,2023-01-01,317
301293.SZ,创业板,2023-04-21,8.087577685942454,2023.0,8.028078245333365,lgbm_t1_cyb,2023-01-01,317
301295.SZ,创业板,2023-06-15,7.938872252836763,2023.0,7.931310270790883,lgbm_t1_cyb,2023-01-01,317
301303.SZ,创业板,2023-02-09,7.596877871742262,2023.0,7.5769354607193815,lgbm_t1_cyb,2023-01-01,317
301305.SZ,创业板,2023-05-11,7.800760352042111,2023.0,7.801729970078806,lgbm_t1_cyb,2023-01-01,317
301307.SZ,创业板,2023-04-12,7.753901662388391,2023.0,7.74856811620441,lgbm_t1_cyb,2023-01-01,317
301310.SZ,创业板,2023-05-24,7.5238837707443595,2023.0,7.6023697628019775,lgbm_t1_cyb,2023-01-01,317
301315.SZ,创业板,2023-06-09,8.16213086080313,2023.0,8.163866337767818,lgbm_t1_cyb,2023-01-01,317
301317.SZ,创业板,2023-01-10,7.868460099674,2023.0,7.865755903319255,lgbm_t1_cyb,2023-01-01,317
301320.SZ,创业板,2023-05-30,8.002673017865012,2023.0,8.015350493494969,lgbm_t1_cyb,2023-01-01,317
301322.SZ,创业板,2023-02-23,7.730117719803741,2023.0,7.764258998032011,lgbm_t1_cyb,2023-01-01,317
301323.SZ,创业板,2023-05-25,8.217624458367602,2023.0,8.120117577150317,lgbm_t1_cyb,2023-01-01,317
301325.SZ,创业板,2023-04-27,7.70879640335904,2023.0,7.648527023165032,lgbm_t1_cyb,2023-01-01,317
301329.SZ,创业板,2023-07-03,8.150107817938025,2023.0,8.109272615435518,lgbm_t1_cyb,2023-01-01,317
301332.SZ,创业板,2023-05-05,7.948855926727075,2023.0,7.963330329076347,lgbm_t1_cyb,2023-01-01,317
301337.SZ,创业板,2023-05-12,8.271287691330274,2023.0,8.138613500210583,lgbm_t1_cyb,2023-01-01,317
301345.SZ,创业板,2023-03-08,8.034024789570626,2023.0,8.00180223839348,lgbm_t1_cyb,2023-01-01,317
301348.SZ,创业板,2023-07-28,8.069910437041079,2023.0,8.012530153183466,lgbm_t1_cyb,2023-01-01,317
301355.SZ,创业板,2023-05-31,8.065386508894456,2023.0,8.046365209601143,lgbm_t1_cyb,2023-01-01,317
301357.SZ,创业板,2023-04-07,8.177146795089183,2023.0,8.155596763023766,lgbm_t1_cyb,2023-01-01,317
301358.SZ,创业板,2023-01-30,7.882215178157261,2023.0,7.7024593570955,lgbm_t1_cyb,2023-01-01,317
301360.SZ,创业板,2023-04-13,8.134866845395353,2023.0,8.069370182725901,lgbm_t1_cyb,2023-01-01,317
301362.SZ,创业板,2023-07-25,7.713381185521689,2023.0,7.758141470011784,lgbm_t1_cyb,2023-01-01,317
301370.SZ,创业板,2023-06-29,7.809005223184486,2023.0,7.787680989458716,lgbm_t1_cyb,2023-01-01,317
301371.SZ,创业板,2023-07-20,7.886603445938103,2023.0,7.82585139504471,lgbm_t1_cyb,2023-01-01,317
301372.SZ,创业板,2023-08-01,7.853300300719231,2023.0,7.8307825660032,lgbm_t1_cyb,2023-01-01,317
301373.SZ,创业板,2023-01-18,8.085905624932268,2023.0,8.090782501525144,lgbm_t1_cyb,2023-01-01,317
301376.SZ,创业板,2023-06-12,8.030288305185927,2023.0,8.051147263057779,lgbm_t1_cyb,2023-01-01,317
301381.SZ,创业板,2023-07-03,7.856419372777931,2023.0,7.8985789836276075,lgbm_t1_cyb,2023-01-01,317
301382.SZ,创业板,2023-05-05,8.13449346437046,2023.0,8.09454566442129,lgbm_t1_cyb,2023-01-01,317
301383.SZ,创业板,2023-05-29,7.625089724953879,2023.0,7.649862308286877,lgbm_t1_cyb,2023-01-01,317
301386.SZ,创业板,2023-03-17,8.095490433322293,2023.0,8.080811653275612,lgbm_t1_cyb,2023-01-01,317
301387.SZ,创业板,2023-04-06,7.734822020569502,2023.0,7.7901836925998165,lgbm_t1_cyb,2023-01-01,317
301393.SZ,创业板,2023-07-03,7.94154868721568,2023.0,7.92120397436457,lgbm_t1_cyb,2023-01-01,317
301395.SZ,创业板,2023-06-19,7.890993415802178,2023.0,7.936279803034141,lgbm_t1_cyb,2023-01-01,317
301397.SZ,创业板,2023-06-13,7.865968417301201,2023.0,7.852983794460226,lgbm_t1_cyb,2023-01-01,317
301399.SZ,创业板,2023-05-12,7.909035919387929,2023.0,7.944484008338628,lgbm_t1_cyb,2023-01-01,317
301408.SZ,创业板,2023-02-20,8.0047335667309,2023.0,7.994343489724472,lgbm_t1_cyb,2023-01-01,317
301413.SZ,创业板,2023-12-07,8.279520729782693,2023.0,8.090208333483766,lgbm_t1_cyb,2023-01-01,317
301418.SZ,创业板,2023-08-08,8.15025016786183,2023.0,8.101919043009783,lgbm_t1_cyb,2023-01-01,317
301419.SZ,创业板,2023-01-31,8.127281843999835,2023.0,8.114109351510603,lgbm_t1_cyb,2023-01-01,317
301421.SZ,创业板,2023-08-14,8.131394495445036,2023.0,8.071584947373687,lgbm_t1_cyb,2023-01-01,317
301428.SZ,创业板,2023-05-08,8.295725609879753,2023.0,8.172842381912012,lgbm_t1_cyb,2023-01-01,317
301429.SZ,创业板,2023-04-06,7.759138098835642,2023.0,7.771393006810901,lgbm_t1_cyb,2023-01-01,317
301439.SZ,创业板,2023-03-08,8.059178905892626,2023.0,7.883757138331133,lgbm_t1_cyb,2023-01-01,317
301456.SZ,创业板,2023-07-04,7.92937485401255,2023.0,7.932861533470486,lgbm_t1_cyb,2023-01-01,317
301459.SZ,创业板,2023-12-04,8.221906866449405,2023.0,8.1315975103993,lgbm_t1_cyb,2023-01-01,317
301468.SZ,创业板,2023-07-10,7.566924801522111,2023.0,7.596867247356784,lgbm_t1_cyb,2023-01-01,317
301469.SZ,创业板,2023-08-08,8.02476283252734,2023.0,8.0454476671443,lgbm_t1_cyb,2023-01-01,317
301486.SZ,创业板,2023-06-28,7.780770884867961,2023.0,7.814020548313853,lgbm_t1_cyb,2023-01-01,317
301487.SZ,创业板,2023-07-28,8.085902238602673,2023.0,8.118696871251334,lgbm_t1_cyb,2023-01-01,317
301488.SZ,创业板,2023-06-20,7.991713688771072,2023.0,7.9916687301662,lgbm_t1_cyb,2023-01-01,317
301489.SZ,创业板,2023-10-12,8.384925639808097,2023.0,8.196260118181945,lgbm_t1_cyb,2023-01-01,317
301498.SZ,创业板,2023-08-07,7.90917085946976,2023.0,7.896063842224425,lgbm_t1_cyb,2023-01-01,317
301499.SZ,创业板,2023-07-11,8.141549006532717,2023.0,8.163842054936694,lgbm_t1_cyb,2023-01-01,317
301500.SZ,创业板,2023-09-11,8.15563821661556,2023.0,8.06055756025969,lgbm_t1_cyb,2023-01-01,317
301505.SZ,创业板,2023-07-10,8.202158668138559,2023.0,8.124076851777533,lgbm_t1_cyb,2023-01-01,317
301507.SZ,创业板,2023-08-22,8.240503916161712,2023.0,8.277452851380623,lgbm_t1_cyb,2023-01-01,317
301508.SZ,创业板,2023-11-21,8.286441118571712,2023.0,8.153281253923343,lgbm_t1_cyb,2023-01-01,317
301509.SZ,创业板,2023-07-24,7.97891342805166,2023.0,7.9443790815517,lgbm_t1_cyb,2023-01-01,317
301510.SZ,创业板,2023-08-02,8.299900565009239,2023.0,8.272593926286644,lgbm_t1_cyb,2023-01-01,317
301511.SZ,创业板,2023-08-04,7.68295892286338,2023.0,7.710598524498535,lgbm_t1_cyb,2023-01-01,317
301515.SZ,创业板,2023-07-11,8.266622557879996,2023.0,8.178142139376165,lgbm_t1_cyb,2023-01-01,317
301516.SZ,创业板,2023-11-29,8.319477470158667,2023.0,8.132384217372218,lgbm_t1_cyb,2023-01-01,317
301517.SZ,创业板,2023-09-27,8.458844730928057,2023.0,8.293103310597962,lgbm_t1_cyb,2023-01-01,317
301518.SZ,创业板,2023-07-24,8.126000032797867,2023.0,8.122643485609222,lgbm_t1_cyb,2023-01-01,317
301519.SZ,创业板,2023-07-17,8.144338312585754,2023.0,8.083955567182429,lgbm_t1_cyb,2023-01-01,317
301520.SZ,创业板,2023-09-14,8.121897726744141,2023.0,8.058077667898477,lgbm_t1_cyb,2023-01-01,317
301525.SZ,创业板,2023-08-21,8.017144190693344,2023.0,7.904629605726596,lgbm_t1_cyb,2023-01-01,317
301526.SZ,创业板,2023-12-15,7.75534022672725,2023.0,7.573953819007909,lgbm_t1_cyb,2023-01-01,317
301528.SZ,创业板,2023-08-15,8.096631886970288,2023.0,8.055369300042935,lgbm_t1_cyb,2023-01-01,317
301529.SZ,创业板,2023-08-29,8.252247008664524,2023.0,8.167513257815202,lgbm_t1_cyb,2023-01-01,317
301533.SZ,创业板,2023-08-03,8.184996621092472,2023.0,8.18520344638225,lgbm_t1_cyb,2023-01-01,317
301548.SZ,创业板,2023-09-07,8.22830391058155,2023.0,8.058394186187087,lgbm_t1_cyb,2023-01-01,317
301550.SZ,创业板,2023-09-04,8.199894140897397,2023.0,8.129876262837067,lgbm_t1_cyb,2023-01-01,317
301555.SZ,创业板,2023-10-20,8.23787391973124,2023.0,8.15883714300486,lgbm_t1_cyb,2023-01-01,317
301558.SZ,创业板,2023-09-19,8.092585171351866,2023.0,8.006333594864127,lgbm_t1_cyb,2023-01-01,317
301559.SZ,创业板,2023-09-22,7.887368618070048,2023.0,7.835839427502699,lgbm_t1_cyb,2023-01-01,317
301566.SZ,创业板,2023-12-20,8.33599955827717,2023.0,8.20382215070512,lgbm_t1_cyb,2023-01-01,317
301568.SZ,创业板,2023-11-17,8.28039602730711,2023.0,8.093288006049534,lgbm_t1_cyb,2023-01-01,317
301578.SZ,创业板,2023-12-19,8.290678263392804,2023.0,8.092081797465948,lgbm_t1_cyb,2023-01-01,317
301392.SZ,创业板,2024-05-24,8.199152717395224,2024.0,8.176017159223,lgbm_t1_cyb,2024-01-01,417
301458.SZ,创业板,2024-12-30,8.021460133071606,2025.0,7.9964871039054,lgbm_t1_cyb,2024-01-01,417
301502.SZ,创业板,2024-01-24,8.348979418210542,2024.0,8.206458909446473,lgbm_t1_cyb,2024-01-01,417
301522.SZ,创业板,2024-09-30,8.118829240305619,2024.0,8.022742299126012,lgbm_t1_cyb,2024-01-01,417
301536.SZ,创业板,2024-03-18,8.044387463957635,2024.0,8.031994943308238,lgbm_t1_cyb,2024-01-01,417
301538.SZ,创业板,2024-03-11,8.111001599482591,2024.0,7.985459088895402,lgbm_t1_cyb,2024-01-01,417
301539.SZ,创业板,2024-04-01,8.283422648115343,2024.0,8.20283464946953,lgbm_t1_cyb,2024-01-01,417
301551.SZ,创业板,2024-09-13,7.753406012171243,2024.0,7.762373781083782,lgbm_t1_cyb,2024-01-01,417
301552.SZ,创业板,2024-07-11,8.175393686063227,2024.0,8.044540264270344,lgbm_t1_cyb,2024-01-01,417
301556.SZ,创业板,2024-10-08,7.92169505338757,2024.0,7.905914681961147,lgbm_t1_cyb,2024-01-01,417
301565.SZ,创业板,2024-06-11,8.121970628888102,2024.0,8.042931521771283,lgbm_t1_cyb,2024-01-01,417
301571.SZ,创业板,2024-08-12,8.267855268560952,2024.0,8.200225562390898,lgbm_t1_cyb,2024-01-01,417
301580.SZ,创业板,2024-06-17,8.10705695053451,2024.0,8.071182259975425,lgbm_t1_cyb,2024-01-01,417
301585.SZ,创业板,2024-12-06,8.17805837326873,2024.0,8.130085270548895,lgbm_t1_cyb,2024-01-01,417
301586.SZ,创业板,2024-08-19,8.138434384139865,2024.0,8.092096188244517,lgbm_t1_cyb,2024-01-01,417
301587.SZ,创业板,2024-03-25,8.173579998750313,2024.0,8.120468598206655,lgbm_t1_cyb,2024-01-01,417
301588.SZ,创业板,2024-03-04,8.257947427367778,2024.0,8.202493695963492,lgbm_t1_cyb,2024-01-01,417
301589.SZ,创业板,2024-01-30,7.878885195139066,2024.0,7.780539466248705,lgbm_t1_cyb,2024-01-01,417
301591.SZ,创业板,2024-02-08,8.239887524051607,2024.0,8.198265136956557,lgbm_t1_cyb,2024-01-01,417
301603.SZ,创业板,2024-07-01,8.249683873833407,2024.0,8.180819588226978,lgbm_t1_cyb,2024-01-01,417
301606.SZ,创业板,2024-07-15,8.12039133871012,2024.0,8.074528921502818,lgbm_t1_cyb,2024-01-01,417
301607.SZ,创业板,2024-08-26,8.0925296674394,2024.0,8.089219192206757,lgbm_t1_cyb,2024-01-01,417
301608.SZ,创业板,2024-07-23,8.141666813367904,2024.0,8.02290414265963,lgbm_t1_cyb,2024-01-01,417
301611.SZ,创业板,2024-08-05,8.140555219889315,2024.0,8.10024524585058,lgbm_t1_cyb,2024-01-01,417
301613.SZ,创业板,2024-10-16,7.995763442119908,2024.0,8.047401974364691,lgbm_t1_cyb,2024-01-01,417
301617.SZ,创业板,2024-11-29,8.168643944401149,2024.0,8.168148628173286,lgbm_t1_cyb,2024-01-01,417
301622.SZ,创业板,2024-11-22,8.10820587761791,2024.0,8.077610810476818,lgbm_t1_cyb,2024-01-01,417
301626.SZ,创业板,2024-10-15,7.939950198137515,2024.0,7.955419896828787,lgbm_t1_cyb,2024-01-01,417
301631.SZ,创业板,2024-11-08,8.001514644577739,2024.0,7.977796735753074,lgbm_t1_cyb,2024-01-01,417
301173.SZ,创业板,2025-02-20,8.217406796335746,2025.0,8.176215009634369,lgbm_t1_cyb,2025-01-01,446
301275.SZ,创业板,2025-02-28,8.151220499931238,2025.0,8.14584677606553,lgbm_t1_cyb,2025-01-01,446
301449.SZ,创业板,2025-12-12,8.428801007005216,2025.0,8.36555068717192,lgbm_t1_cyb,2025-01-01,446
301479.SZ,创业板,2025-03-04,8.200933850860638,2025.0,8.142418912306196,lgbm_t1_cyb,2025-01-01,446
301491.SZ,创业板,2025-07-25,8.226106636953254,2025.0,8.19051766749839,lgbm_t1_cyb,2025-01-01,446
301501.SZ,创业板,2025-03-07,8.176452196597355,2025.0,8.166441977325682,lgbm_t1_cyb,2025-01-01,446
301513.SZ,创业板,2026-04-08,8.623905878478126,2026.0,8.480571439883068,lgbm_t1_cyb,2025-01-01,446
301531.SZ,创业板,2026-04-24,8.675773628223794,2026.0,8.501295437117973,lgbm_t1_cyb,2025-01-01,446
301535.SZ,创业板,2025-03-14,8.17936389039953,2025.0,8.192379109879209,lgbm_t1_cyb,2025-01-01,446
301560.SZ,创业板,2025-04-15,8.420665991343084,2025.0,8.322157712930743,lgbm_t1_cyb,2025-01-01,446
301563.SZ,创业板,2025-09-19,8.541816045475978,2025.0,8.40587813232871,lgbm_t1_cyb,2025-01-01,446
301575.SZ,创业板,2025-09-01,8.490164320398161,2025.0,8.37924781779112,lgbm_t1_cyb,2025-01-01,446
301584.SZ,创业板,2025-09-16,8.419096695435774,2025.0,8.359186625649919,lgbm_t1_cyb,2025-01-01,446
301590.SZ,创业板,2025-05-26,8.350140966751342,2025.0,8.260901707934671,lgbm_t1_cyb,2025-01-01,446
301595.SZ,创业板,2025-05-08,8.327248121348273,2025.0,8.290827064146088,lgbm_t1_cyb,2025-01-01,446
301599.SZ,创业板,2026-04-20,8.58639948279421,2026.0,8.42093114580649,lgbm_t1_cyb,2025-01-01,446
301601.SZ,创业板,2025-01-06,8.151505064792357,2025.0,8.161694608510619,lgbm_t1_cyb,2025-01-01,446
301602.SZ,创业板,2025-01-13,8.124236614422383,2025.0,8.136829087407136,lgbm_t1_cyb,2025-01-01,446
301609.SZ,创业板,2025-07-14,8.387436266517717,2025.0,8.2723307839809,lgbm_t1_cyb,2025-01-01,446
301632.SZ,创业板,2025-08-01,8.433661723422793,2025.0,8.330714728435769,lgbm_t1_cyb,2025-01-01,446
301636.SZ,创业板,2025-04-28,8.334736873542417,2025.0,8.259686487165698,lgbm_t1_cyb,2025-01-01,446
301638.SZ,创业板,2025-11-07,8.30649102412019,2025.0,8.16319322858088,lgbm_t1_cyb,2025-01-01,446
301656.SZ,创业板,2025-09-15,8.114831582468685,2025.0,7.949208238247052,lgbm_t1_cyb,2025-01-01,446
301658.SZ,创业板,2025-03-24,8.18780781954243,2025.0,8.138546815421801,lgbm_t1_cyb,2025-01-01,446
301662.SZ,创业板,2025-04-08,8.273734630560481,2025.0,8.258138145495383,lgbm_t1_cyb,2025-01-01,446
301665.SZ,创业板,2025-03-31,8.24286431356995,2025.0,8.237558548782651,lgbm_t1_cyb,2025-01-01,446
301666.SZ,创业板,2026-04-03,8.453237604339588,2026.0,8.341547062294042,lgbm_t1_cyb,2025-01-01,446
301667.SZ,创业板,2025-12-08,8.576469403360086,2025.0,8.487258807128086,lgbm_t1_cyb,2025-01-01,446
301668.SZ,创业板,2025-09-11,8.512282976015458,2025.0,8.38368683788695,lgbm_t1_cyb,2025-01-01,446
301678.SZ,创业板,2025-06-11,8.401869743492512,2025.0,8.305794566830011,lgbm_t1_cyb,2025-01-01,446
301680.SZ,创业板,2026-02-25,8.515917237733447,2026.0,8.403541704416499,lgbm_t1_cyb,2025-01-01,446
301682.SZ,创业板,2026-03-16,8.358904853274883,2026.0,8.308215610859621,lgbm_t1_cyb,2025-01-01,446
301683.SZ,创业板,2026-03-20,8.566313053610255,2026.0,8.45590324347701,lgbm_t1_cyb,2025-01-01,446
301687.SZ,创业板,2025-12-22,8.546521967203725,2025.0,8.400463493073099,lgbm_t1_cyb,2025-01-01,446
301696.SZ,创业板,2026-03-27,8.628690271787127,2026.0,8.44799882352769,lgbm_t1_cyb,2025-01-01,446
001279.SZ,主板,2024-09-25,8.574311324444926,2024.0,8.610438887212235,lgbm_t1_zb,2024-01-01,36
001359.SZ,主板,2024-03-15,8.973297572086297,2024.0,8.916776303925932,lgbm_t1_zb,2024-01-01,36
001379.SZ,主板,2024-01-09,9.066232097970984,2024.0,9.307287631428476,lgbm_t1_zb,2024-01-01,36
001387.SZ,主板,2024-01-02,9.126726660016352,2024.0,9.061107787682374,lgbm_t1_zb,2024-01-01,36
001389.SZ,主板,2024-03-22,8.791615951418795,2024.0,9.303531366947801,lgbm_t1_zb,2024-01-01,36
001391.SZ,主板,2024-12-19,8.498877681812207,2024.0,8.163526284333614,lgbm_t1_zb,2024-01-01,36
601033.SH,主板,2024-01-09,8.327159314992699,2024.0,8.243258552357767,lgbm_t1_zb,2024-01-01,36
603072.SH,主板,2024-12-20,9.153224517230584,2025.0,8.96634974967873,lgbm_t1_zb,2024-01-01,36
603082.SH,主板,2024-01-19,9.254926932417897,2024.0,9.27415660077118,lgbm_t1_zb,2024-01-01,36
603091.SH,主板,2024-09-06,8.948197149077204,2024.0,8.872645338831568,lgbm_t1_zb,2024-01-01,36
603194.SH,主板,2024-12-13,8.675512126271512,2024.0,8.669412939709856,lgbm_t1_zb,2024-01-01,36
603205.SH,主板,2024-10-25,9.061271756555717,2024.0,8.87736966309636,lgbm_t1_zb,2024-01-01,36
603207.SH,主板,2024-08-15,8.948241572269804,2024.0,9.097577859376663,lgbm_t1_zb,2024-01-01,36
603285.SH,主板,2024-06-26,9.200141035123593,2024.0,9.162841049744097,lgbm_t1_zb,2024-01-01,36
603310.SH,主板,2024-08-05,9.026210096436223,2024.0,8.813997715585135,lgbm_t1_zb,2024-01-01,36
603312.SH,主板,2024-01-02,9.019147771568994,2024.0,8.803360155565962,lgbm_t1_zb,2024-01-01,36
603341.SH,主板,2024-02-21,8.660914675752956,2024.0,8.670957130350953,lgbm_t1_zb,2024-01-01,36
603344.SH,主板,2024-03-11,9.043972621731657,2024.0,9.214164455967737,lgbm_t1_zb,2024-01-01,36
603350.SH,主板,2024-06-24,9.165092284240792,2024.0,8.943820790332026,lgbm_t1_zb,2024-01-01,36
603375.SH,主板,2024-01-15,9.247144706498231,2024.0,9.005269304900889,lgbm_t1_zb,2024-01-01,36
603381.SH,主板,2024-06-17,9.104930832894507,2024.0,9.234647692581575,lgbm_t1_zb,2024-01-01,36
603391.SH,主板,2024-07-22,8.781145379081483,2024.0,8.420944237009659,lgbm_t1_zb,2024-01-01,36
603395.SH,主板,2024-11-15,9.096675772656384,2024.0,9.064987307549643,lgbm_t1_zb,2024-01-01,36
001220.SZ,主板,2026-01-23,9.513694316596215,2026.0,9.051854674571766,lgbm_t1_zb,2025-01-01,59
001221.SZ,主板,2025-07-21,8.926389357131011,2025.0,9.109927026248059,lgbm_t1_zb,2025-01-01,59
001233.SZ,主板,2025-11-14,9.113351130336152,2025.0,8.766065398309413,lgbm_t1_zb,2025-01-01,59
001257.SZ,主板,2026-03-20,9.13759111481259,2026.0,9.094286538621025,lgbm_t1_zb,2025-01-01,59
001280.SZ,主板,2025-11-21,8.294803930553446,2025.0,8.314130925558862,lgbm_t1_zb,2025-01-01,59
001285.SZ,主板,2025-09-19,9.084910201373468,2025.0,8.737985831151557,lgbm_t1_zb,2025-01-01,59
001312.SZ,主板,2026-04-10,9.496860226814642,2026.0,9.111701276368029,lgbm_t1_zb,2025-01-01,59
001335.SZ,主板,2025-03-31,9.195423435631316,2025.0,8.985255644124157,lgbm_t1_zb,2025-01-01,59
001356.SZ,主板,2025-01-14,8.765279017811082,2025.0,8.983438140806756,lgbm_t1_zb,2025-01-01,59
001365.SZ,主板,2026-05-07,9.129051940377355,2026.0,8.685729632270835,lgbm_t1_zb,2025-01-01,59
001369.SZ,主板,2025-12-19,8.969443407291998,2025.0,8.805194064230532,lgbm_t1_zb,2025-01-01,59
001382.SZ,主板,2025-03-11,8.710001684239964,2025.0,8.55034394675795,lgbm_t1_zb,2025-01-01,59
001386.SZ,主板,2025-10-13,8.831123996782205,2025.0,9.047475511651438,lgbm_t1_zb,2025-01-01,59
001388.SZ,主板,2025-06-20,9.202870229810728,2025.0,9.009560205716019,lgbm_t1_zb,2025-01-01,59
001390.SZ,主板,2025-05-19,9.053891219349621,2025.0,8.962067163306294,lgbm_t1_zb,2025-01-01,59
001393.SZ,主板,2026-05-06,9.398618461685523,2026.0,8.754561682295234,lgbm_t1_zb,2025-01-01,59
001395.SZ,主板,2025-01-16,8.791588484254689,2025.0,8.411736829840827,lgbm_t1_zb,2025-01-01,59
001396.SZ,主板,2025-12-19,9.119781207205252,2025.0,8.961368209362455,lgbm_t1_zb,2025-01-01,59
600930.SH,主板,2025-07-07,6.886203498809608,2025.0,8.399679068862964,lgbm_t1_zb,2025-01-01,59
601026.SH,主板,2025-09-29,8.882888667742852,2025.0,8.956781362610455,lgbm_t1_zb,2025-01-01,59
601112.SH,主板,2026-01-19,9.04416301741829,2026.0,8.750241303511094,lgbm_t1_zb,2025-01-01,59
603014.SH,主板,2025-05-08,8.79484077637378,2025.0,8.841403189151556,lgbm_t1_zb,2025-01-01,59
603049.SH,主板,2025-05-23,8.331633726250125,2025.0,8.090405987982331,lgbm_t1_zb,2025-01-01,59
603092.SH,主板,2025-10-28,8.94182484220871,2025.0,8.733590738152534,lgbm_t1_zb,2025-01-01,59
603120.SH,主板,2025-04-07,9.340139423071465,2025.0,9.000743321733237,lgbm_t1_zb,2025-01-01,59
603124.SH,主板,2025-03-10,9.285260322243577,2025.0,8.999668441209515,lgbm_t1_zb,2025-01-01,59
603175.SH,主板,2025-10-15,9.111156651691195,2025.0,9.101206669394392,lgbm_t1_zb,2025-01-01,59
603202.SH,主板,2025-04-14,8.662171539441994,2025.0,8.26938506595047,lgbm_t1_zb,2025-01-01,59
603210.SH,主板,2025-03-28,8.900600321235109,2025.0,8.938062575733714,lgbm_t1_zb,2025-01-01,59
603248.SH,主板,2025-12-12,9.194402424973497,2025.0,8.985801693779305,lgbm_t1_zb,2025-01-01,59
603257.SH,主板,2025-03-26,9.228140839424578,2025.0,8.917189815354128,lgbm_t1_zb,2025-01-01,59
603262.SH,主板,2025-07-14,9.121507562639879,2025.0,9.032370981236378,lgbm_t1_zb,2025-01-01,59
603271.SH,主板,2025-02-28,9.189360914086437,2025.0,9.170607803254144,lgbm_t1_zb,2025-01-01,59
603284.SH,主板,2026-01-30,9.468704855667108,2026.0,8.916002576840436,lgbm_t1_zb,2025-01-01,59
603293.SH,主板,2026-04-07,9.545930305196483,2026.0,9.193560190813072,lgbm_t1_zb,2025-01-01,59
603334.SH,主板,2025-10-27,9.195551554502744,2025.0,8.993415275364713,lgbm_t1_zb,2025-01-01,59
603352.SH,主板,2026-01-06,9.416998868360269,2026.0,9.13274353979579,lgbm_t1_zb,2025-01-01,59
603370.SH,主板,2025-08-25,9.421882154283574,2025.0,9.16522118731537,lgbm_t1_zb,2025-01-01,59
603376.SH,主板,2025-10-24,9.220838908972544,2025.0,9.156214544372551,lgbm_t1_zb,2025-01-01,59
603382.SH,主板,2025-06-03,9.304783448682523,2025.0,9.175965768346762,lgbm_t1_zb,2025-01-01,59
603400.SH,主板,2025-06-10,9.288580687084913,2025.0,9.06246110547555,lgbm_t1_zb,2025-01-01,59
603406.SH,主板,2025-07-28,9.031566478775371,2025.0,9.11721446326437,lgbm_t1_zb,2025-01-01,59
603407.SH,主板,2026-04-27,9.22439988223896,2026.0,8.985863655020193,lgbm_t1_zb,2025-01-01,59
603409.SH,主板,2025-02-21,9.176594139272368,2025.0,9.113556140591204,lgbm_t1_zb,2025-01-01,59
603418.SH,主板,2025-09-12,9.000759838194048,2025.0,8.732489893149058,lgbm_t1_zb,2025-01-01,59
603459.SH,主板,2026-03-27,8.9569582847038,2026.0,8.680531008022967,lgbm_t1_zb,2025-01-01,59
