trade_date,total_turnover_100m,mkt_close
2019-01-02,2261.29771105,990.0418388095198
2019-01-03,2518.84149606,991.3448703247566
2019-01-04,3220.26703028,1013.3607665413058
2019-01-07,3470.59843176,1023.8038268611624
2019-01-08,2995.54246866,1022.5487363393094
2019-01-09,3789.70684938,1027.711598784391
2019-01-10,3132.0401024,1023.5010807055373
2019-01-11,2959.55581583,1031.22908478035
2019-01-14,2830.28825261,1025.7627485593875
2019-01-15,3193.83173395,1035.4645853810907
2019-01-16,3044.43941009,1034.3726119582086
2019-01-17,2939.69022613,1030.7190725348364
2019-01-18,3264.31337238,1042.692361861689
2019-01-21,3129.65695627,1047.3849226243483
2019-01-22,2785.02416593,1036.2261980853286
2019-01-23,2438.55432194,1037.5103483674627
2019-01-24,3003.72052968,1040.8453498449912
2019-01-25,3127.13118121,1041.9304228470949
2019-01-28,2996.39155759,1037.7781459114985
2019-01-29,2936.05769218,1031.7668896703888
2019-01-30,2371.0015763,1023.6181981571666
2019-01-31,2855.85009555,1021.1909656988396
2019-02-01,2615.51302957,1037.7233983825186
2019-02-11,3196.04338136,1053.7275154148751
2019-02-12,3648.94738432,1064.2060018791663
2019-02-13,4737.48289096,1082.9392335511366
2019-02-14,4170.98369407,1082.7703807169478
2019-02-15,4180.36369583,1073.2705620353904
2019-02-18,5472.82124858,1103.0517868270235
2019-02-19,6054.03136888,1105.763578441824
2019-02-20,4990.13156939,1109.1536704406797
2019-02-21,6181.52200717,1104.882670079574
2019-02-22,6217.99569266,1124.8658366727498
2019-02-25,10395.72358174,1188.7806684772759
2019-02-26,10968.03883552,1186.2521451030057
2019-02-27,8905.91415966,1190.9727136182275
2019-02-28,6618.46373831,1186.274092754449
2019-03-01,6640.30724951,1203.18957374021
2019-03-04,10457.66616863,1220.2515856938064
2019-03-05,8959.16174336,1237.1159902517409
2019-03-06,11055.79977295,1261.26878273483
2019-03-07,11659.05365684,1270.35461921726
2019-03-08,11833.57445574,1211.3789084759658
2019-03-11,9439.74331698,1241.9298172595597
2019-03-12,11364.75319681,1257.9280198463794
2019-03-13,10506.20505982,1238.94006100277
2019-03-14,8120.01235664,1216.716860131236
2019-03-15,7500.2199828,1230.1231352776417
2019-03-18,8321.40469926,1257.891342261849
2019-03-19,7752.93590374,1258.3333429168722
2019-03-20,7795.60105545,1258.7200356605613
2019-03-21,8854.73770112,1265.2394126330737
2019-03-22,8014.33873653,1266.8537253465424
2019-03-25,8189.41008246,1245.4512276811276
2019-03-26,7679.65964938,1222.774099310788
2019-03-27,6645.0431427,1230.1858559267457
2019-03-28,6634.36635006,1216.536825625398
2019-03-29,8358.53445554,1250.858899374226
2019-04-01,10431.8229892,1286.8150104869385
2019-04-02,10379.434427,1290.7699852060834
2019-04-03,9328.1740609,1307.0934865787815
2019-04-04,10042.05064138,1319.3259369334517
2019-04-08,10663.48313066,1317.6389244511674
2019-04-09,8397.879783,1316.9160759676524
2019-04-10,8984.36512229,1314.1657535743611
2019-04-11,8169.12272351,1295.3746070958082
2019-04-12,6568.74012904,1296.318499171965
2019-04-15,7753.10445761,1292.2663558977292
2019-04-16,7906.74661023,1322.3681213140349
2019-04-17,8298.071965,1328.3323963569903
2019-04-18,7530.88263151,1319.7026275911992
2019-04-19,7200.98356178,1328.8533259039825
2019-04-22,8038.74205049,1307.179778016764
2019-04-23,7326.90977898,1294.4214021693756
2019-04-24,6519.98846486,1300.388269537408
2019-04-25,7330.39457615,1262.6834374335713
2019-04-26,6237.05036719,1246.5029025760457
2019-04-29,6454.24635448,1224.7981183536465
2019-04-30,4963.05129981,1234.5668320965706
2019-05-06,6572.86646573,1163.7284910170636
2019-05-07,5377.5487203,1173.3596367141827
2019-05-08,4885.42074489,1163.9871727905374
2019-05-09,4338.13127035,1151.1557595332013
2019-05-10,6098.94373359,1182.5628635475528
2019-05-13,4660.44786048,1170.0566290443844
2019-05-14,4553.80376145,1161.5061221952594
2019-05-15,5126.02768475,1181.24258111752
2019-05-16,5220.31518839,1189.8921220299067
2019-05-17,5734.70125638,1158.9308923932267
2019-05-20,4625.14631286,1157.1322921291935
2019-05-21,4793.10340671,1172.303135344205
2019-05-22,4691.58573746,1165.7096150068378
2019-05-23,4644.64450616,1149.755498296358
2019-05-24,3807.59708716,1147.2026489429165
2019-05-27,4525.04058577,1165.530487569709
2019-05-28,4992.28939112,1169.2996393092844
2019-05-29,4458.01413722,1168.9442298196618
2019-05-30,4534.15752128,1166.6758968872205
2019-05-31,4373.3951331,1164.3563007544171
2019-06-03,4790.23868262,1159.1391577271218
2019-06-04,4223.10102139,1149.0246670391284
2019-06-05,4076.43586104,1151.2149015078048
2019-06-06,3865.45711814,1135.2007816444743
2019-06-10,3665.98616483,1144.4288597433804
2019-06-11,5651.65912886,1174.8053526889926
2019-06-12,5132.51719608,1168.9850263403064
2019-06-13,4496.5347449,1171.9487356520594
2019-06-14,4487.48907704,1157.4210349078305
2019-06-17,3355.88959976,1158.9302250567391
2019-06-18,3216.72328375,1159.288842784824
2019-06-19,5038.34287031,1171.5103879932137
2019-06-20,6027.39108508,1191.583054539644
2019-06-21,6214.55937501,1201.2213267520751
2019-06-24,4948.58040811,1201.6437082300733
2019-06-25,5131.37017068,1191.1379515933934
2019-06-26,3915.65851387,1190.3237380684916
2019-06-27,4756.05431895,1196.4770682880328
2019-06-28,4153.13569485,1188.2323594470292
2019-07-01,6137.64295492,1212.7347091053855
2019-07-02,5384.60528431,1213.2158753507035
2019-07-03,4879.26798383,1206.5719543309308
2019-07-04,4383.34629174,1205.6593447373489
2019-07-05,3740.72641317,1206.3571824798582
2019-07-08,4678.9507144,1174.486358321279
2019-07-09,3516.39573498,1174.340686346549
2019-07-10,3314.00858803,1167.3774400421007
2019-07-11,3482.9284183,1168.8068068774685
2019-07-12,3298.58985032,1175.1104602176217
2019-07-15,4222.70925179,1181.6747332157622
2019-07-16,3523.0126747,1183.949825834858
2019-07-17,3813.70423797,1182.7953389038773
2019-07-18,3629.25659916,1170.4971739427826
2019-07-19,3498.16585536,1178.8715943205268
2019-07-22,4139.76741382,1164.2332049915583
2019-07-23,3231.46667088,1172.2199173673027
2019-07-24,4001.68956776,1181.593110806404
2019-07-25,3993.38565768,1185.0838194630846
2019-07-26,3517.4815682,1185.859152374037
2019-07-29,3436.3818983,1184.1367492697943
2019-07-30,3841.1252298,1189.540659131813
2019-07-31,3573.91322164,1182.5459376774006
2019-08-01,3737.92665115,1175.002063756379
2019-08-02,4547.15512348,1157.6189118378227
2019-08-05,4158.70939809,1140.8791916374764
2019-08-06,5233.08214991,1116.0383741003814
2019-08-07,3761.75078224,1113.1109894105248
2019-08-08,3670.24226648,1121.0992017144615
2019-08-09,3805.55371621,1112.9609746644985
2019-08-12,3626.06913632,1126.6696135865543
2019-08-13,3395.21205546,1119.5874664282737
2019-08-14,4021.99620317,1123.4187793213855
2019-08-15,3937.85505812,1125.0837358147535
2019-08-16,4300.95500314,1125.7322234449148
2019-08-19,5813.69607564,1150.1639123298469
2019-08-20,5235.25284479,1149.8288554915105
2019-08-21,4542.7836208,1149.196348916902
2019-08-22,4400.06202364,1149.7770152824403
2019-08-23,4694.48553527,1149.9863840447024
2019-08-26,4608.92656454,1143.2417488693197
2019-08-27,5580.43236447,1160.761189656057
2019-08-28,4934.68065244,1160.009022770164
2019-08-29,4779.99292417,1158.5157629898908
2019-08-30,5545.48037324,1150.5414599846176
2019-09-02,5530.74229374,1166.8980808230372
2019-09-03,5642.29996459,1170.9377262078774
2019-09-04,6056.37010955,1184.012830279929
2019-09-05,7972.05255913,1194.5093914165118
2019-09-06,6337.90358317,1198.3899396974423
2019-09-09,7158.14652797,1211.4087070898463
2019-09-10,6961.27122479,1211.883774489253
2019-09-11,6425.9514526,1211.2522197485594
2019-09-12,5371.51411172,1216.8084974606697
2019-09-16,5811.56718515,1218.544246052532
2019-09-17,5857.6147194,1195.4431457372054
2019-09-18,4870.55616968,1193.4449986998186
2019-09-19,4913.64477583,1199.7630694939833
2019-09-20,5466.94241644,1201.3165375638202
2019-09-23,5078.94479399,1189.4780546974816
2019-09-24,5479.57741474,1190.6012962019588
2019-09-25,5256.48697087,1177.2307376283954
2019-09-26,5378.97933023,1164.3613600126346
2019-09-27,3975.93515721,1167.9006583264581
2019-09-30,3524.03886537,1158.789783635487
2019-10-08,3729.25882191,1161.9703411689438
2019-10-09,3657.11348004,1169.5390867631752
2019-10-10,4204.00351845,1177.7733552540847
2019-10-11,4564.40073324,1186.3961422359687
2019-10-14,5349.37826142,1202.250778742423
2019-10-15,4590.61669721,1194.5043483710672
2019-10-16,4233.01784737,1189.3103503091165
2019-10-17,3610.94482434,1187.1605719286463
2019-10-18,4156.68508044,1173.2908437117171
2019-10-21,3699.89374121,1175.2013872800476
2019-10-22,3569.10320015,1181.200191785321
2019-10-23,3682.37252821,1177.7164296540657
2019-10-24,3601.97604527,1179.6657780397345
2019-10-25,4056.72072845,1185.126948956136
2019-10-28,5201.80481088,1195.738441044663
2019-10-29,5388.73281481,1183.7060953033217
2019-10-30,4672.50426054,1175.2953923556906
2019-10-31,4510.15176758,1166.9391986787537
2019-11-01,4347.63655944,1176.8571084489688
2019-11-04,4692.71448094,1179.4108851910607
2019-11-05,4813.67332863,1184.6533178092238
2019-11-06,4524.40915645,1179.5622318905812
2019-11-07,3988.3932952,1181.2168052179957
2019-11-08,4493.07516643,1174.374822972611
2019-11-11,4228.78678105,1149.4348856048362
2019-11-12,3654.37654353,1151.6120880751002
2019-11-13,3592.67497173,1145.4528714243538
2019-11-14,3877.31758904,1146.866847375599
2019-11-15,4010.02134,1138.0671751787856
2019-11-18,3641.42343768,1145.1113077567231
2019-11-19,4182.22145006,1157.2064285932731
2019-11-20,4258.74684822,1149.0335627672061
2019-11-21,3609.84608024,1149.9311332648756
2019-11-22,4709.41630967,1146.910093930999
2019-11-25,4198.38041166,1158.7453777637809
2019-11-26,3933.41298744,1157.1774236647518
2019-11-27,3554.32624536,1154.6511351640572
2019-11-28,3178.12384106,1149.1340000148389
2019-11-29,3413.27804328,1147.9164287192
2019-12-02,3423.70263048,1148.7899586747478
2019-12-03,3469.50561109,1152.9672339505018
2019-12-04,3555.68572637,1151.3602355554358
2019-12-05,4236.86402279,1158.5308275727234
2019-12-06,4097.29948069,1162.087299249925
2019-12-09,4607.45174167,1165.2718558144577
2019-12-10,4665.22851294,1166.0423325857973
2019-12-11,4664.96061143,1167.1236249581068
2019-12-12,4487.8190995,1163.2749858102788
2019-12-13,5654.0944639,1179.3877576508569
2019-12-16,6223.83162752,1189.8665894288195
2019-12-17,7512.72500942,1207.6275814237067
2019-12-18,6677.68915309,1207.9465292539028
2019-12-19,5781.42119837,1213.274556416192
2019-12-20,5703.47914431,1208.1638906399862
2019-12-23,5370.39143981,1188.5300533490781
2019-12-24,4421.90058843,1199.447877760953
2019-12-25,5030.9887175,1198.4855196257918
2019-12-26,5034.81924765,1208.3978047680355
2019-12-27,6318.67466365,1207.3936534341465
2019-12-30,6108.10831936,1216.2405502636877
2019-12-31,5324.56894779,1219.9700090676588
2020-01-02,7512.65471123,1238.0776728671992
2020-01-03,6952.15233655,1242.3738761013215
2020-01-06,8038.77603272,1245.4051805731965
2020-01-07,7321.13506035,1255.3472465029915
2020-01-08,7790.30560645,1239.8694113775919
2020-01-09,7064.16235596,1249.0615292764878
2020-01-10,6399.89567188,1244.4510236731123
2020-01-13,6677.63178531,1250.9271490830763
2020-01-14,7017.17262105,1251.2790073598856
2020-01-15,6108.95667418,1241.677975324089
2020-01-16,6125.95135543,1237.2289350290473
2020-01-17,6072.53291096,1235.4618730983777
2020-01-20,6789.68617174,1243.9633366063513
2020-01-21,6902.97854653,1228.2136409904451
2020-01-22,7077.52297551,1228.8579556574284
2020-01-23,8086.16588052,1195.8991150229904
2020-02-03,5188.997525,1098.589801955583
2020-02-04,9096.22051739,1104.2064453366556
2020-02-05,8719.13844218,1121.45118590773
2020-02-06,9130.75205969,1140.189822380671
2020-02-07,9292.91416275,1144.0010944186693
2020-02-10,8854.6834468,1155.0339427951835
2020-02-11,7858.22501487,1157.3348684543048
2020-02-12,7898.71803017,1168.3324189419939
2020-02-13,8708.81539846,1159.3510312096648
2020-02-14,8128.05392269,1164.165285538104
2020-02-17,9369.27507356,1192.869012207243
2020-02-18,9997.15479084,1197.8264886111037
2020-02-19,10385.49523965,1194.1725880914294
2020-02-20,10681.04908687,1214.7553974677867
2020-02-21,11707.41550708,1219.4727185418676
2020-02-24,12217.27665742,1218.648756394332
2020-02-25,14148.72833536,1212.1354109603672
2020-02-26,13123.59139606,1210.8967688496286
2020-02-27,10503.55869565,1210.9483936450051
2020-02-28,11290.83592294,1166.1412100230084
2020-03-02,10290.06398389,1204.4364444576029
2020-03-03,11756.96377386,1212.5986989786993
2020-03-04,9918.28533119,1221.2915678605968
2020-03-05,11716.37812895,1242.757250784028
2020-03-06,9572.94217869,1232.2475593395573
2020-03-09,10859.31777719,1200.1172662333627
2020-03-10,10812.28532832,1218.0122453234264
2020-03-11,9726.51888349,1208.192689664447
2020-03-12,8373.72999759,1191.156444460026
2020-03-13,9663.88816621,1178.473528699172
2020-03-16,9630.32079464,1146.0250627071282
2020-03-17,8178.20105854,1143.3892855292825
2020-03-18,8367.76059628,1123.8374909532968
2020-03-19,8221.76868224,1116.5303782833973
2020-03-20,7167.94793769,1131.4314541731912
2020-03-23,6871.93436568,1096.8353126021723
2020-03-24,7123.1787053,1118.4002898251013
2020-03-25,7511.37084951,1139.0429176632417
2020-03-26,6423.29084428,1129.970656135589
2020-03-27,6337.59678232,1131.56691068597
2020-03-30,6329.64579729,1118.77174668928
2020-03-31,5616.18561124,1115.0214152402912
2020-04-01,5847.33127391,1110.4249665406055
2020-04-02,5976.10066332,1127.453794936499
2020-04-03,5722.20159387,1119.6409639817964
2020-04-07,7318.48717063,1142.607134017679
2020-04-08,6738.81945921,1142.126615422229
2020-04-09,6530.58872812,1146.7998163526404
2020-04-10,6719.39353033,1132.7933923065075
2020-04-13,4989.20060966,1126.5613151156447
2020-04-14,5891.99881073,1141.3060096187137
2020-04-15,6409.33116242,1135.2560881663258
2020-04-16,5948.69541105,1137.884637449697
2020-04-17,7401.48145533,1140.8310088395565
2020-04-20,6171.61471638,1144.4636482419075
2020-04-21,6491.79239073,1136.036044746347
2020-04-22,6058.19438975,1141.1325058865975
2020-04-23,6704.02637934,1137.572645053171
2020-04-24,6250.68666977,1124.343754342913
2020-04-27,5565.41414462,1123.9293512673394
2020-04-28,6737.19559353,1111.5316327568632
2020-04-29,5326.37414065,1117.30223402333
2020-04-30,6788.54473959,1134.3147180453775
2020-05-06,7209.22585058,1139.6967787415992
2020-05-07,6670.78341877,1135.2488434295406
2020-05-08,6872.97891509,1144.2185376260495
2020-05-11,6845.61408902,1144.474090488889
2020-05-12,5989.25685311,1139.8782506453058
2020-05-13,5810.33089415,1142.3635242279422
2020-05-14,6098.53107373,1132.06740204545
2020-05-15,6266.74734916,1132.6009427818678
2020-05-18,7314.47204101,1131.441226298462
2020-05-19,6413.02660441,1138.3294267015813
2020-05-20,6865.33891546,1133.6620706492004
2020-05-21,6259.69281965,1126.229984283855
2020-05-22,5925.1982117,1109.261435107015
2020-05-25,4904.05772521,1108.6847485798532
2020-05-26,5297.38667069,1119.2713281652752
2020-05-27,5729.81121078,1118.5166539482575
2020-05-28,5780.79401557,1120.7048327316854
2020-05-29,5715.44888263,1120.9002615521335
2020-06-01,7613.52885474,1143.3495782537823
2020-06-02,7718.98582139,1150.7867899573705
2020-06-03,7773.45396572,1151.499175959478
2020-06-04,6504.42288662,1150.789922044856
2020-06-05,6313.41458532,1152.954237201428
2020-06-08,6840.18276657,1157.393479756951
2020-06-09,6201.4335481,1161.5287126677574
2020-06-10,6149.51194152,1156.7916098038584
2020-06-11,7207.60631907,1150.019014105158
2020-06-12,6990.62154321,1148.4445898088406
2020-06-15,7592.96882043,1141.21160866297
2020-06-16,7122.52998295,1155.6656741288564
2020-06-17,7386.72343578,1157.265376998515
2020-06-18,7583.4782627,1159.9739180052684
2020-06-19,7786.02207326,1165.4757943441284
2020-06-22,8284.1401265,1164.6701314907618
2020-06-23,7581.89638627,1160.7925028318848
2020-06-24,7285.87369019,1163.025347323258
2020-06-29,7161.64627747,1155.5479310630506
2020-06-30,7465.02407888,1165.7630220744772
2020-07-01,9070.75628643,1177.7350659235215
2020-07-02,10797.38930313,1203.5443101216656
2020-07-03,11712.53088435,1227.365969411628
2020-07-06,15654.12701983,1300.023585459044
2020-07-07,17392.52702514,1298.947492264588
2020-07-08,15420.99885336,1320.8301335605809
2020-07-09,17256.59340482,1337.5778049996804
2020-07-10,16119.89644787,1311.1439186261373
2020-07-13,16719.26604669,1338.058877581735
2020-07-14,17040.52196055,1327.9737148077534
2020-07-15,15710.55234586,1300.4708791859673
2020-07-16,15057.03447044,1263.3421250985698
2020-07-17,11157.93752358,1260.5859466166387
2020-07-20,11926.73379473,1302.9984350719797
2020-07-21,11027.43439875,1301.1842776232477
2020-07-22,11980.9834398,1305.395832937841
2020-07-23,12457.90570095,1297.1092052610802
2020-07-24,13345.67355521,1256.4898397982774
2020-07-27,9306.03846165,1256.2470863218043
2020-07-28,8992.54497744,1264.0189312296322
2020-07-29,10482.43319092,1286.7296969841086
2020-07-30,10948.90632178,1282.4630320123886
2020-07-31,11465.83035156,1290.2422507267722
2020-08-03,13346.15600511,1314.8456511614436
2020-08-04,13733.29384847,1318.8888916397977
2020-08-05,11970.94948244,1319.5175197502392
2020-08-06,12918.42373175,1322.730825713164
2020-08-07,12623.54954715,1309.3201188016205
2020-08-10,11577.1369612,1319.6204046717726
2020-08-11,11347.14236442,1303.9582447934324
2020-08-12,10837.29948632,1303.240487791691
2020-08-13,8815.44424055,1308.651614555412
2020-08-14,8497.93094209,1317.8404045408106
2020-08-17,11538.43609613,1349.423469474451
2020-08-18,10899.04004441,1350.637398211304
2020-08-19,10883.41764461,1339.36448333178
2020-08-20,8717.43727413,1324.986316147945
2020-08-21,8441.97648115,1330.7784284179522
2020-08-24,8968.29879732,1334.1634272726926
2020-08-25,9419.22495295,1329.3819852952336
2020-08-26,9782.16056376,1311.1638982832171
2020-08-27,8376.95876651,1317.280841533642
2020-08-28,9475.83158066,1331.6508605723454
2020-08-31,10342.52979629,1328.2065931474563
2020-09-01,8512.56641809,1332.583494957775
2020-09-02,9689.01286144,1331.4299202926484
2020-09-03,9420.34390012,1324.068680904937
2020-09-04,8384.58163699,1320.9884169567692
2020-09-07,10213.41858909,1309.6179244570073
2020-09-08,9241.31160218,1327.2741146269223
2020-09-09,10361.00439809,1313.0514364549185
2020-09-10,8730.64744723,1286.577281658387
2020-09-11,6844.48419024,1293.0356147863201
2020-09-14,7693.82777993,1301.2371852738436
2020-09-15,7254.29727161,1303.2753805733337
2020-09-16,6841.197905,1302.02702083315
2020-09-17,7534.51425671,1301.5334991873528
2020-09-18,8355.08009994,1322.0667736500195
2020-09-21,7549.71206315,1316.951991581936
2020-09-22,7022.1829065,1300.5510067792068
2020-09-23,6606.83513685,1300.9027804517523
2020-09-24,6792.02434056,1277.432280215418
2020-09-25,5692.71659007,1273.7489273788976
2020-09-28,5401.31435354,1270.6146689473478
2020-09-29,5449.5262787,1272.6823746607351
2020-09-30,5399.28158533,1268.9488055747852
2020-10-09,7112.10347308,1291.1669559609088
2020-10-12,9713.87438213,1320.2050500638636
2020-10-13,8349.89057697,1317.9527464083535
2020-10-14,8275.43028264,1310.0285433602658
2020-10-15,7639.81429418,1308.1077856026018
2020-10-16,7085.6356727,1312.8551947128403
2020-10-19,7390.71676482,1310.4790088691502
2020-10-20,6672.87969457,1312.3161106297212
2020-10-21,7061.72822543,1310.074793987046
2020-10-22,6636.51650773,1306.4926723972542
2020-10-23,6875.87927564,1300.3516803004904
2020-10-26,6335.23734893,1296.0449956012403
2020-10-27,6311.58163445,1292.9453585013005
2020-10-28,7330.52968224,1291.3325624833915
2020-10-29,7802.29439309,1287.8675782071405
2020-10-30,8707.31947113,1268.117147685711
2020-11-02,8123.15640083,1268.3988904736575
2020-11-03,7846.31013392,1287.402157817246
2020-11-04,7296.10939181,1286.4849656245115
2020-11-05,8596.08973858,1302.2491639260036
2020-11-06,8783.80320421,1302.1700597732852
2020-11-09,10834.5591412,1323.204941573042
2020-11-10,9810.98694189,1317.8622627824652
2020-11-11,8693.84586286,1316.4038399723297
2020-11-12,7078.40357042,1312.9325501987762
2020-11-13,7270.62242627,1305.3431191884758
2020-11-16,8007.881378,1321.6340911313048
2020-11-17,8533.11021143,1321.5076990217992
2020-11-18,8214.75850302,1329.108303912136
2020-11-19,7740.98048326,1329.9849390514107
2020-11-20,7507.9542833,1334.6181964473044
2020-11-23,9537.11628853,1349.5581600264245
2020-11-24,8301.57344351,1348.3637783820814
2020-11-25,8631.43789989,1335.9290989886572
2020-11-26,7330.33940952,1337.6773337834
2020-11-27,7254.6083768,1352.802399955223
2020-11-30,9503.59877248,1349.6110796867508
2020-12-01,8650.44718995,1369.7669777342353
2020-12-02,8809.3592538,1370.0902523098862
2020-12-03,8262.18280183,1364.977089817799
2020-12-04,7487.05857366,1358.723725490902
2020-12-07,7688.38693531,1343.7899836239412
2020-12-08,7016.92285183,1337.2417413308228
2020-12-09,7914.6962347,1320.7736073062151
2020-12-10,7091.76453167,1318.1463939559237
2020-12-11,8348.65648838,1305.2498696443147
2020-12-14,7097.19771847,1307.1703938777157
2020-12-15,7095.52128214,1302.381393167571
2020-12-16,7009.69242195,1296.1283949197634
2020-12-17,7917.54006865,1309.736459064763
2020-12-18,7712.0632877,1309.6865086190905
2020-12-21,8645.00820193,1316.5014830803818
2020-12-22,9575.98784242,1289.754569335259
2020-12-23,9290.44824581,1297.220349586148
2020-12-24,8260.50755636,1287.3733277903948
2020-12-25,7937.93185413,1299.849057006044
2020-12-28,8810.88080998,1295.4955351348929
2020-12-29,8597.07809285,1291.8637278711542
2020-12-30,8469.83729942,1296.299899028623
2020-12-31,9616.88470595,1310.6208407317706
2021-01-04,11642.45171074,1319.0689965333927
2021-01-05,12662.40810923,1317.2694670744445
2021-01-06,11670.38025896,1317.9228147630317
2021-01-07,12163.13683496,1311.2629730738993
2021-01-08,11321.82173612,1315.6494520460565
2021-01-11,12116.80853568,1296.2212534728444
2021-01-12,10900.61963237,1310.2742366508105
2021-01-13,12343.37204962,1309.3566957303444
2021-01-14,11211.81095501,1310.0772232466054
2021-01-15,10363.73581226,1318.348153639703
2021-01-18,9981.09699053,1327.3771612149415
2021-01-19,10410.82201706,1330.3100984863413
2021-01-20,9155.92151121,1328.3550337139825
2021-01-21,10856.99041599,1335.3179292458294
2021-01-22,11137.79575305,1318.758415338935
2021-01-25,12083.51456304,1310.7009412423652
2021-01-26,10140.42630688,1301.805732400919
2021-01-27,9231.58734578,1306.0265322718417
2021-01-28,9155.43978445,1289.7129493864238
2021-01-29,9521.59316078,1280.1485317494669
2021-02-01,8566.90431021,1285.2452540283184
2021-02-02,9007.50611176,1285.9626439358062
2021-02-03,9536.11550175,1276.1604795792127
2021-02-04,9424.28952513,1262.7854068888882
2021-02-05,8910.58235469,1262.8851329374359
2021-02-08,8061.21519932,1268.3694096349225
2021-02-09,8374.16544123,1284.8544366274277
2021-02-10,8752.6312465,1296.1115958870926
2021-02-18,10850.54659234,1323.0001942664587
2021-02-19,10424.31659676,1346.7977034811245
2021-02-22,12929.83936499,1362.562172763377
2021-02-23,10212.73683511,1358.7504102736384
2021-02-24,10635.83681217,1347.2679106186565
2021-02-25,9339.08492696,1356.9350633460392
2021-02-26,9066.65419077,1338.9722627739932
2021-03-01,8732.92841111,1355.8079467595496
2021-03-02,9174.72827595,1343.0509076770938
2021-03-03,8632.73034472,1370.2918976287092
2021-03-04,9721.42557153,1363.2418141235114
2021-03-05,8764.15671437,1368.822192430023
2021-03-08,9791.89808699,1357.162550710382
2021-03-09,9866.21758065,1337.4710013841084
2021-03-10,7496.82704825,1325.4713948371514
2021-03-11,8038.50719231,1352.0458134893825
2021-03-12,8168.77236289,1359.6176657058322
2021-03-15,8069.48809511,1365.4162785752058
2021-03-16,7353.94623488,1374.5814375500258
2021-03-17,7106.79034945,1369.491497514483
2021-03-18,7367.07450548,1369.1217057392982
2021-03-19,7720.04799403,1353.4344406510709
2021-03-22,7599.08721669,1375.4163695476557
2021-03-23,7885.45630621,1360.7223984471432
2021-03-24,7623.505853,1348.2861520665258
2021-03-25,6759.72112174,1341.8188682280124
2021-03-26,7478.88150702,1355.712068351142
2021-03-29,7577.38309397,1363.7449536932209
2021-03-30,7492.76655834,1362.2549871515284
2021-03-31,6873.41858393,1366.715451528433
2021-04-01,6575.85291966,1368.9266898113726
2021-04-02,7166.48712806,1364.6353268313346
2021-04-06,6602.23191981,1370.9598366435362
2021-04-07,7399.52791498,1381.3489038144141
2021-04-08,7672.63798279,1375.5155766942557
2021-04-09,6946.1706747,1374.7067629382532
2021-04-12,7757.36742001,1369.2865816571289
2021-04-13,6714.8367794,1359.490752038465
2021-04-14,6539.3451412,1366.4806220898322
2021-04-15,6605.91191107,1362.1779666140937
2021-04-16,6919.75902601,1376.014785340348
2021-04-19,8613.56876152,1388.065902925327
2021-04-20,8453.93410659,1381.5413209479188
2021-04-21,7434.30458568,1376.6446157434918
2021-04-22,7408.14693958,1375.6266766575902
2021-04-23,7785.33041446,1369.0063929020835
2021-04-26,9083.5831566,1362.0315243141017
2021-04-27,7645.87675871,1355.2275793028007
2021-04-28,7881.23639266,1357.9653271688853
2021-04-29,8221.62377244,1363.4613742375816
2021-04-30,8667.30455757,1349.6372070382827
2021-05-06,8753.59239137,1358.442526791303
2021-05-07,8836.98414888,1365.4618695754973
2021-05-10,8547.99514617,1376.7471437193194
2021-05-11,8430.68924414,1377.9387088546623
2021-05-12,7653.33928817,1388.087314771478
2021-05-13,8014.43508302,1377.2332680625382
2021-05-14,9015.206003,1391.5922023902367
2021-05-17,9299.29561327,1386.9012228788545
2021-05-18,7520.2331776,1393.5707674757407
2021-05-19,7914.27857897,1386.963491883813
2021-05-20,8643.91326044,1380.66816842576
2021-05-21,8079.25616268,1380.6370577986866
2021-05-24,8420.73467993,1383.2734632953084
2021-05-25,10063.81855792,1400.518174255492
2021-05-26,9667.40793463,1406.3783950054162
2021-05-27,9395.53481775,1410.1084341953072
2021-05-28,10160.8854947,1411.152533872207
2021-05-31,10093.51994365,1411.7463604009836
2021-06-01,10467.90436962,1415.8315654026212
2021-06-02,10128.34890464,1411.4849276153225
2021-06-03,9556.69046691,1411.4352805162525
2021-06-04,9373.37442214,1410.6981654302458
2021-06-07,9493.47021572,1413.4142365026312
2021-06-08,9855.72078501,1414.1270089314485
2021-06-09,8811.88349127,1418.5361092119451
2021-06-10,10024.11749769,1422.231902370717
2021-06-11,11212.92245329,1421.2441844460718
2021-06-15,10006.19383497,1406.718632862912
2021-06-16,9322.78563595,1399.8525602638235
2021-06-17,8919.75545393,1401.323034709092
2021-06-18,10101.14190983,1404.7117390993349
2021-06-21,10143.49921301,1406.9502673725815
2021-06-22,10114.61623804,1419.1228149847755
2021-06-23,10733.25105389,1425.9898689605084
2021-06-24,10131.82034163,1426.13343246343
2021-06-25,10548.15510127,1436.8641767813097
2021-06-28,10177.89468433,1431.2297712585787
2021-06-29,9977.22207766,1419.6660577327184
2021-06-30,9426.42119891,1425.9565404546843
2021-07-01,10199.99024213,1417.1338503866327
2021-07-02,10028.80755147,1407.8769157930565
2021-07-05,10059.00962279,1414.5853666083028
2021-07-06,11202.11302838,1422.1112297034022
2021-07-07,10503.68064165,1425.2700648648263
2021-07-08,11973.37323093,1415.472465164783
2021-07-09,11278.03146038,1423.5751115483467
2021-07-12,13182.82223802,1428.1667412583136
2021-07-13,12203.66145563,1437.0189090399633
2021-07-14,12152.03662291,1423.9651061338243
2021-07-15,11718.6811921,1428.766175092215
2021-07-16,11817.78706704,1429.2723199494562
2021-07-19,11222.53052034,1425.7150040130605
2021-07-20,9670.29094307,1424.151782275773
2021-07-21,12093.17698479,1429.8793323438986
2021-07-22,13011.78945282,1442.6003543125594
2021-07-23,13788.86461372,1438.247294847654
2021-07-26,14189.44657691,1417.6195484193813
2021-07-27,15340.58298312,1393.0436019840922
2021-07-28,12699.89967413,1375.8394982921677
2021-07-29,12494.80962925,1389.2113826195603
2021-07-30,13396.84051555,1394.8741176096319
2021-08-02,15127.94956288,1413.3721102629704
2021-08-03,14161.64150839,1407.1496419411735
2021-08-04,12890.61445216,1416.683344168175
2021-08-05,12909.11950316,1410.6734694911954
2021-08-06,12250.73555443,1414.2112108284368
2021-08-09,12491.59685927,1428.703545253268
2021-08-10,13440.63944475,1440.5931089686078
2021-08-11,12827.05716122,1455.456584670007
2021-08-12,13054.40973849,1457.6522837026303
2021-08-13,12975.49898978,1456.9518873590366
2021-08-16,12574.92188429,1460.5251764811799
2021-08-17,13084.07157586,1441.0258714134281
2021-08-18,11973.10996026,1459.6499114264082
2021-08-19,12151.2006482,1448.9027556157064
2021-08-20,12526.20637912,1450.909869341108
2021-08-23,13228.85651037,1465.6846382469773
2021-08-24,14085.26678299,1471.5606330937915
2021-08-25,13146.54847773,1480.632328661531
2021-08-26,13745.9955767,1477.8511177486475
2021-08-27,13446.11717685,1482.0292853119079
2021-08-30,15784.10990669,1483.640149265471
2021-08-31,14826.86423129,1499.814412419708
2021-09-01,17113.95708941,1510.8934846622199
2021-09-02,14345.24153138,1530.3632565605703
2021-09-03,15753.73508632,1533.8002738158368
2021-09-06,14296.51365993,1545.3983308636173
2021-09-07,14042.78106542,1568.5042257793164
2021-09-08,14760.00010227,1586.1619841070278
2021-09-09,14338.76904752,1598.0274947424823
2021-09-10,15454.00782552,1592.8207472244637
2021-09-13,14641.52716811,1608.5486563917677
2021-09-14,15137.717493,1580.207466051043
2021-09-15,13551.83798325,1587.15166835103
2021-09-16,14787.42138474,1567.6046122367864
2021-09-17,13438.49374445,1564.4220506299894
2021-09-22,11540.66974128,1576.7507255721202
2021-09-23,13223.34876633,1588.2290724198344
2021-09-24,12838.80103997,1563.1788915366683
2021-09-27,13661.08498415,1530.7160919948378
2021-09-28,10440.67922797,1552.279094644277
2021-09-29,10781.49025031,1519.8956069413396
2021-09-30,9510.05796348,1534.0789105431998
2021-10-08,10609.34586525,1549.622284609664
2021-10-11,9922.73443486,1547.7010643329675
2021-10-12,9967.37284106,1525.5955176879497
2021-10-13,8898.64685885,1517.358991636469
2021-10-14,8609.97556381,1518.3118613049237
2021-10-15,9891.94235471,1514.9141061761686
2021-10-18,10023.76210631,1526.5403348828868
2021-10-19,9733.58643021,1531.6222816785303
2021-10-20,10201.65597401,1527.5218277206789
2021-10-21,9933.14750196,1529.255663663431
2021-10-22,10154.26355583,1513.4202075862663
2021-10-25,10152.64537934,1522.6119584394924
2021-10-26,10829.62418269,1516.3195849075562
2021-10-27,10770.83575554,1500.9284777425976
2021-10-28,11079.00615472,1478.4897182199516
2021-10-29,11386.99599612,1489.9971912629087
2021-11-01,12239.78754358,1498.9090607522783
2021-11-02,12584.49631829,1473.7541879671662
2021-11-03,10006.47082484,1477.7665331431895
2021-11-04,10795.08592427,1484.3043498422003
2021-11-05,11518.67409951,1469.6679737971572
2021-11-08,10402.6188851,1475.8160851016414
2021-11-09,10120.21370186,1480.5637246573722
2021-11-10,10807.98762884,1480.6227988334526
2021-11-11,11244.51341418,1496.8226145982294
2021-11-12,11009.5272609,1498.2073364313778
2021-11-15,11674.28463217,1501.1714713812303
2021-11-16,11179.00151613,1492.16377248813
2021-11-17,10397.94477299,1501.076566515382
2021-11-18,11262.75147573,1495.2959018119889
2021-11-19,11149.63313819,1510.9270685935833
2021-11-22,12564.61655214,1514.7970876875245
2021-11-23,12311.30232627,1520.4843094765015
2021-11-24,12046.89706958,1523.9506414574707
2021-11-25,11148.68137521,1519.8504189582854
2021-11-26,11031.10353408,1512.6121500003928
2021-11-29,11790.33520938,1507.9472556864907
2021-11-30,12217.79689828,1512.506586373019
2021-12-01,11473.15111283,1528.3750333522487
2021-12-02,11542.2918175,1526.8945882658786
2021-12-03,11363.67602221,1539.2287847553616
2021-12-06,12046.0762859,1532.887367939641
2021-12-07,12006.04997891,1538.342489212211
2021-12-08,11021.87510609,1546.1572907051634
2021-12-09,12646.39877412,1557.489791251631
2021-12-10,12359.68503081,1553.3692012159945
2021-12-13,12717.91093831,1557.3138807016876
2021-12-14,11426.2781522,1549.1405930175745
2021-12-15,11369.89210051,1552.8496517097415
2021-12-16,11142.82846232,1567.748842158855
2021-12-17,11601.16986768,1562.925680740995
2021-12-20,11592.56463775,1551.9365643220062
2021-12-21,10010.43083525,1573.0544371408694
2021-12-22,10633.47270255,1570.003735838265
2021-12-23,10780.06534208,1573.2282685262892
2021-12-24,11328.2166559,1558.0782750149133
2021-12-27,9756.66800857,1560.3906683776968
2021-12-28,10038.12987401,1561.75141028581
2021-12-29,9986.49035411,1556.1934079168393
2021-12-30,10200.87001607,1564.0956782363876
2021-12-31,10635.40469482,1572.7300687502798
2022-01-04,12686.03554627,1586.4233014598399
2022-01-05,13074.59849514,1579.108811959281
2022-01-06,11386.68901128,1583.2602039119772
2022-01-07,12085.88437308,1585.6087958259384
2022-01-10,10525.11279914,1592.5706065777533
2022-01-11,10570.36094644,1588.448567230844
2022-01-12,10622.22229854,1593.626766610522
2022-01-13,10952.14961392,1587.2964533102927
2022-01-14,11087.04467411,1565.256156700139
2022-01-17,11218.94036273,1572.336082260031
2022-01-18,11985.5355656,1581.810327227943
2022-01-19,10674.97213384,1581.7606013869413
2022-01-20,11329.052106,1574.666359181086
2022-01-21,9869.43602171,1558.2307429231168
2022-01-24,8659.7505078,1554.940856176519
2022-01-25,9382.98252053,1508.3876972025862
2022-01-26,7952.15854643,1521.9040019856147
2022-01-27,8241.52268149,1494.3098239368899
2022-01-28,8197.35795566,1494.4854755777396
2022-02-07,8240.67344853,1528.1403350885548
2022-02-08,8796.58814217,1556.7089857666676
2022-02-09,9327.68006334,1568.7738623708433
2022-02-10,9372.68734072,1576.4339286478505
2022-02-11,9926.78061051,1566.5203001133732
2022-02-14,8634.95107346,1549.666708483968
2022-02-15,8284.18767621,1545.4357934962004
2022-02-16,8078.15087527,1557.8008942230995
2022-02-17,9098.69804743,1554.4707165892773
2022-02-18,8083.41368496,1569.1956353070552
2022-02-21,9015.15929255,1575.6775628716146
2022-02-22,9791.11009983,1562.0450486336008
2022-02-23,10418.86608638,1568.2168682320562
2022-02-24,13638.61123512,1539.8711440006655
2022-02-25,10193.26441985,1545.290433868522
2022-02-28,9497.84321961,1547.8495176702836
2022-03-01,9695.27227973,1557.9766697581733
2022-03-02,8984.62589107,1562.9985167775471
2022-03-03,10110.83124909,1574.6271830860894
2022-03-04,10071.82092239,1558.5235024626909
2022-03-07,10252.47234797,1537.3102205864316
2022-03-08,11106.04145856,1499.6854894483401
2022-03-09,11623.2891607,1478.1684991942845
2022-03-10,10791.93314512,1492.8936372272046
2022-03-11,10508.79039621,1501.119090004108
2022-03-14,9704.63593284,1469.7481778787112
2022-03-15,11245.8568552,1398.188171423061
2022-03-16,11927.43026323,1437.884592010634
2022-03-17,12770.7567058,1452.085052009607
2022-03-18,9914.07959817,1475.148642238197
2022-03-21,10160.9802203,1476.9746824172846
2022-03-22,9636.53722199,1488.4111247665599
2022-03-23,9436.67114824,1489.676280673357
2022-03-24,9208.28910151,1480.6040332423208
2022-03-25,9189.98787938,1474.2922349234675
2022-03-28,8707.95588915,1483.3942322233506
2022-03-29,8642.89504511,1478.82141297484
2022-03-30,9585.96636368,1498.0210563778573
2022-03-31,10094.13041059,1498.712054772303
2022-04-01,9360.29102084,1509.4204614960256
2022-04-06,9662.27754518,1526.3830238054331
2022-04-07,9232.23677249,1501.4514467422746
2022-04-08,9265.84484084,1507.9601144025257
2022-04-11,9638.79253647,1475.4482900712505
2022-04-12,9164.79474515,1494.0782519178174
2022-04-13,8735.00264925,1479.8543737149826
2022-04-14,8702.47624481,1490.854140670741
2022-04-15,9113.80015403,1479.0079501458135
2022-04-18,7785.62968812,1468.524540501115
2022-04-19,7794.74973283,1477.606038531427
2022-04-20,8207.41905683,1457.872772251445
2022-04-21,8565.29463206,1424.0713336971069
2022-04-22,7534.20359071,1431.6851929608824
2022-04-25,8969.57729658,1358.9479733022163
2022-04-26,8389.44162645,1331.614908203276
2022-04-27,9179.61556917,1356.9043761071155
2022-04-28,8406.94985573,1356.1354972798795
2022-04-29,9652.90305766,1392.2314671900633
2022-05-05,9010.52103676,1401.5596397997142
2022-05-06,7599.00383306,1375.8527578974326
2022-05-09,6716.54094519,1386.44803940115
2022-05-10,8469.81222201,1397.4834323191178
2022-05-11,10783.93246049,1398.142215359117
2022-05-12,8214.3124765,1397.9119327217093
2022-05-13,7576.56851691,1411.0003407183647
2022-05-16,7865.92154412,1412.3104315939647
2022-05-17,7903.59757963,1412.2558057656863
2022-05-18,7706.42522896,1412.8116250086705
2022-05-19,8068.37562167,1417.9832119469445
2022-05-20,9206.48374317,1435.1012642679946
2022-05-23,8596.28142002,1442.5982644254038
2022-05-24,9907.26910512,1407.7564981445837
2022-05-25,7622.64376259,1429.5800021345701
2022-05-26,8228.90772627,1439.4115888781207
2022-05-27,8157.28113102,1441.873859049553
2022-05-30,8110.09527326,1445.6213769519973
2022-05-31,9351.98037668,1456.8455639390365
2022-06-01,8852.08463508,1456.3436154701462
2022-06-02,8917.00204715,1459.217207396596
2022-06-06,11128.67228708,1470.0225164203027
2022-06-07,10391.78353497,1470.935679642757
2022-06-08,11014.34196828,1477.9950327124607
2022-06-09,9771.41274609,1470.3094875950478
2022-06-10,10506.069973,1487.7561079568884
2022-06-13,10909.68977432,1478.5772599518216
2022-06-14,10996.21612075,1494.9073031956789
2022-06-15,12988.08006338,1501.5986576354117
2022-06-16,10808.2760015,1492.1977483306011
2022-06-17,10934.72845691,1496.0556827145517
2022-06-20,11646.27220513,1495.9823933762655
2022-06-21,10801.68086775,1497.5481288031826
2022-06-22,9964.60839941,1481.8422679800296
2022-06-23,10759.82596279,1501.2620951067001
2022-06-24,11604.35257029,1505.85724707798
2022-06-27,12290.01353341,1513.388206189919
2022-06-28,12219.1121749,1528.9671373704027
2022-06-29,13165.26393893,1512.9309970995312
2022-06-30,11599.00189965,1519.4661393747251
2022-07-01,10513.89801056,1518.0091434767157
2022-07-04,11306.36818313,1524.7557881928558
2022-07-05,11811.55550739,1525.9523476025495
2022-07-06,10867.02137317,1506.7061127134887
2022-07-07,10530.53256149,1513.1832731936947
2022-07-08,10294.10607968,1514.6896436849424
2022-07-11,10088.42821799,1507.9757979658596
2022-07-12,9768.57794787,1502.2220873595131
2022-07-13,9423.9331787,1506.2206151136713
2022-07-14,10278.72305117,1496.7330003355485
2022-07-15,10879.89718602,1470.076107906623
2022-07-18,10216.19584854,1501.6691155238827
2022-07-19,9969.86961669,1509.4571931824933
2022-07-20,9526.99648794,1520.047776284541
2022-07-21,10185.23013976,1508.8285094456057
2022-07-22,9416.07142146,1509.3626735261385
2022-07-25,8622.60596271,1501.6661676311958
2022-07-26,8345.49120117,1514.5470013948952
2022-07-27,8686.38766207,1513.958652857909
2022-07-28,10076.14463461,1519.891894762973
2022-07-29,10147.95126327,1511.1718043739993
2022-08-01,9939.27845676,1510.8718911466815
2022-08-02,11811.33807165,1469.626217824283
2022-08-03,11151.06254677,1457.258021399782
2022-08-04,8993.87506854,1470.864716440984
2022-08-05,9954.91363603,1486.166154520944
2022-08-08,9531.22938457,1492.5930477380446
2022-08-09,9533.00804378,1494.037255415859
2022-08-10,9669.94918475,1491.4469149117156
2022-08-11,10672.89777733,1514.2867596267672
2022-08-12,9999.76558614,1518.954399069911
2022-08-15,9767.55440983,1519.4352283985647
2022-08-16,10206.19244363,1523.874777906013
2022-08-17,10748.50691804,1532.9424598273422
2022-08-18,10544.3394073,1523.6457917642833
2022-08-19,11204.87333489,1522.9284775791
2022-08-22,10269.22387554,1531.8260077910052
2022-08-23,10024.45127014,1533.7990346629113
2022-08-24,11261.37570368,1508.710856679649
2022-08-25,9864.90119494,1520.203598843985
2022-08-26,9291.87859758,1514.6080397558985
2022-08-29,8458.75509147,1519.4456559877724
2022-08-30,8385.58703587,1518.3203480943616
2022-08-31,10022.89999657,1501.7492867421768
2022-09-01,7949.66306806,1495.0497476277394
2022-09-02,7468.65507784,1501.7863633369625
2022-09-05,7697.94155722,1513.3219155270026
2022-09-06,8691.7045516,1530.0746205717223
2022-09-07,8720.77688074,1530.5760327754047
2022-09-08,7883.66945475,1525.6992127997062
2022-09-09,7796.08057791,1535.025870236462
2022-09-13,7714.38348066,1533.5204423672872
2022-09-14,7228.54641051,1521.0761760051469
2022-09-15,9192.9860882,1507.8883552859409
2022-09-16,8001.51887581,1470.5571176619676
2022-09-19,6661.98090429,1462.739492236531
2022-09-20,6517.84923126,1468.73441809458
2022-09-21,6382.07826967,1478.152460904819
2022-09-22,6399.2569454,1473.62476078429
2022-09-23,6684.56593961,1465.9874355979557
2022-09-26,6681.66177115,1434.2403489023764
2022-09-27,6668.74020808,1452.0613547121475
2022-09-28,6485.91768822,1429.9609078762983
2022-09-29,6256.44788088,1420.335207714288
2022-09-30,5616.28755416,1419.8748399081012
2022-10-10,6286.39657152,1408.864440572299
2022-10-11,5643.79594334,1414.019013508945
2022-10-12,7107.35114015,1437.1778807788778
2022-10-13,7289.87064429,1436.6827069624474
2022-10-14,8617.75983196,1455.5094901415282
2022-10-17,8082.19618944,1465.4906204648069
2022-10-18,7949.91959899,1464.72768433481
2022-10-19,7593.86210507,1453.7543691253438
2022-10-20,7971.86973135,1451.3668237718903
2022-10-21,7133.13130796,1454.2175098107928
2022-10-24,8815.75713039,1432.5438569671724
2022-10-25,8033.70847356,1429.59477753306
2022-10-26,9148.13610189,1438.9323718741173
2022-10-27,9245.86516447,1437.9602372445179
2022-10-28,9105.17442061,1404.0685478329028
2022-10-31,8836.72710314,1394.6373584729315
2022-11-01,9780.1821094,1420.4359191676742
2022-11-02,10529.27804226,1431.8235237221147
2022-11-03,8871.57581114,1428.5894683194408
2022-11-04,10812.81584266,1455.0237209816194
2022-11-07,10070.61947754,1464.802848969292
2022-11-08,8363.01588079,1463.1981468126385
2022-11-09,7794.06620701,1463.0528086640993
2022-11-10,8434.52581861,1463.6654822726484
2022-11-11,12237.91328953,1482.9333484518975
2022-11-14,10677.41799798,1482.0204056019065
2022-11-15,10590.13585193,1499.2008353373499
2022-11-16,9431.60052033,1495.282161586769
2022-11-17,9134.25824459,1496.5798219136857
2022-11-18,9794.0509626,1488.9011986690537
2022-11-21,8503.66289752,1484.9971863950238
2022-11-22,8852.20967714,1491.36649620588
2022-11-23,8310.01628018,1496.5354516005386
2022-11-24,7485.14315599,1494.5203857128674
2022-11-25,7403.76090413,1507.6716951795825
2022-11-28,7588.55880682,1498.4785949225497
2022-11-29,9684.85074506,1529.4716336890601
2022-11-30,9316.57062911,1531.2706672886977
2022-12-01,10587.72916716,1531.3336292895835
2022-12-02,8649.87804081,1530.4867299464413
2022-12-05,10555.00665119,1563.1916519345698
2022-12-06,9984.94188626,1558.0231022578678
2022-12-07,9492.49883395,1551.1817237401983
2022-12-08,8703.06548334,1549.4231229966288
2022-12-09,10094.69337029,1549.6551630701795
2022-12-12,9102.82382818,1533.1860498131662
2022-12-13,8168.59159692,1538.1859477675978
2022-12-14,8111.95658713,1534.3957982677832
2022-12-15,7666.90238445,1528.465244720361
2022-12-16,7617.73124661,1530.5751084048372
2022-12-19,7570.94396459,1498.5836994150977
2022-12-20,6400.69405671,1488.1979627889648
2022-12-21,5751.43550556,1484.2188180844155
2022-12-22,6579.03547033,1474.2165997309405
2022-12-23,5856.32920936,1471.9759987571545
2022-12-26,6246.01176591,1479.0412163629755
2022-12-27,6690.1786597,1492.6730267274293
2022-12-28,6511.12954409,1488.2414113676678
2022-12-29,6150.50734752,1477.9864584879422
2022-12-30,6043.51905144,1488.9444895407826
2023-01-03,7890.47051375,1505.7269125303137
2023-01-04,7839.05054865,1514.2083287126068
2023-01-05,8428.98590949,1518.6023339650194
2023-01-06,8382.27784537,1514.8914190438459
2023-01-09,8072.89760399,1520.3676646632707
2023-01-10,7472.80208445,1513.5645084530975
2023-01-11,7418.66141019,1510.6076735329286
2023-01-12,6814.94142597,1511.1230301557684
2023-01-13,7024.44502716,1523.1746551210724
2023-01-16,9172.43704302,1532.5921425376891
2023-01-17,7072.91184365,1529.855687238736
2023-01-18,6360.81320314,1535.7974950037744
2023-01-19,6872.00318426,1542.7678721005088
2023-01-20,7493.46698949,1558.4222008744246
2023-01-30,10625.43856445,1564.8184288652049
2023-01-31,9022.73816859,1565.8761443992616
2023-02-01,10065.30768045,1582.3884389658394
2023-02-02,10256.5107891,1580.4577175789689
2023-02-03,9155.46025897,1573.5535333806454
2023-02-06,8754.32189694,1566.7845240366037
2023-02-07,8462.7330863,1574.5975284813026
2023-02-08,8054.02237349,1567.153415266744
2023-02-09,9017.86627808,1581.1342502348111
2023-02-10,8934.06285052,1581.3019784384614
2023-02-13,9800.60132729,1589.1522700590049
2023-02-14,9146.14208289,1592.3396447493183
2023-02-15,9379.87770508,1589.3643267704897
2023-02-16,11939.12613459,1573.4243700436866
2023-02-17,9149.90152531,1566.6589299039347
2023-02-20,9504.47588086,1594.2960094147695
2023-02-21,9220.61298538,1603.4401385789768
2023-02-22,7839.59294597,1597.7098832939184
2023-02-23,8079.1662642,1594.8205878180725
2023-02-24,7263.44273893,1588.520747101596
2023-02-27,7541.19520055,1579.8892626727493
2023-02-28,7573.98944442,1593.4421366264871
2023-03-01,9196.09660629,1610.0292332468007
2023-03-02,9340.46218291,1613.705937440606
2023-03-03,8699.68966621,1627.900001493597
2023-03-06,9512.56299168,1623.3016114602185
2023-03-07,9329.58835888,1611.3892968000982
2023-03-08,7188.34255348,1615.582724904276
2023-03-09,7569.38833937,1613.8437781073142
2023-03-10,8099.58192921,1590.5258765656947
2023-03-13,8396.86691764,1607.3067263739015
2023-03-14,9328.31785101,1594.8754639905985
2023-03-15,8189.63015504,1612.9992226547272
2023-03-16,8454.24999742,1597.8438370736471
2023-03-17,9734.32183766,1614.2295358909948
2023-03-20,10577.76082835,1607.1606997656027
2023-03-21,8934.03917119,1611.6561948253247
2023-03-22,9582.86680943,1621.3370151212287
2023-03-23,10213.76580446,1628.494804044296
2023-03-24,10756.09928443,1618.8727561656854
2023-03-27,11406.48538637,1609.0113370854874
2023-03-28,10047.16641704,1607.6151843088535
2023-03-29,9815.95607256,1601.1337181700542
2023-03-30,9448.25426727,1606.1807853029861
2023-03-31,9535.32431874,1612.7917202899769
2023-04-03,12534.72800654,1624.3492877614015
2023-04-04,13250.56845124,1634.5181179524552
2023-04-06,11936.85764615,1631.9142160616736
2023-04-07,10541.98472589,1638.3840442161923
2023-04-10,12259.17632767,1634.7175080597508
2023-04-11,10834.59328121,1639.8864845345101
2023-04-12,11323.82086744,1656.4563759812695
2023-04-13,11373.67048197,1654.3724403481447
2023-04-14,11154.32300492,1660.7878696012815
2023-04-17,11212.87484078,1681.169969684867
2023-04-18,10605.43066509,1681.4453159091543
2023-04-19,10832.60220669,1673.2931022708838
2023-04-20,11393.2215716,1672.4358969884643
2023-04-21,12186.11490998,1641.0543255251243
2023-04-24,10844.24359504,1635.851745305477
2023-04-25,11352.08066569,1630.858221947389
2023-04-26,11236.05589491,1630.9269505616335
2023-04-27,10463.4305012,1635.7510771708928
2023-04-28,11179.50220852,1660.085817384688
2023-05-04,11730.3528941,1690.1234380644726
2023-05-05,10736.58287413,1688.7876057099002
2023-05-08,11393.84697675,1730.1313054694208
2023-05-09,12240.58584173,1712.0822802714433
2023-05-10,10213.48778747,1687.2283396794885
2023-05-11,8973.18671675,1683.2856622126887
2023-05-12,8495.91430892,1665.335222204779
2023-05-15,9397.72937455,1676.4889602053418
2023-05-16,8676.20894535,1663.2602587561062
2023-05-17,7827.40848071,1662.8890036786336
2023-05-18,8822.66087621,1673.7124961540912
2023-05-19,8498.62060213,1659.9218694161646
2023-05-22,7972.76995221,1663.269022580215
2023-05-23,7677.94390924,1636.4823495696317
2023-05-24,8045.47919678,1613.8198598411134
2023-05-25,8587.89655866,1611.2125129978358
2023-05-26,8228.98143748,1620.869239465046
2023-05-29,9226.69395022,1629.7763612131405
2023-05-30,9348.45997132,1632.6870267838322
2023-05-31,9404.29304979,1627.603407003028
2023-06-01,9882.95615001,1628.6101547578135
2023-06-02,9421.03718606,1639.8911018935526
2023-06-05,8749.34539517,1648.1684185159365
2023-06-06,9390.4324221,1628.9148136690692
2023-06-07,8158.01008813,1635.9659741848648
2023-06-08,8609.8443169,1647.6568867634771
2023-06-09,9908.70029764,1653.6261110474336
2023-06-12,9665.8292436,1646.7769572910454
2023-06-13,9434.6085046,1648.0825520421351
2023-06-14,10017.88204968,1640.2177702727022
2023-06-15,10737.14065819,1647.513310517799
2023-06-16,10688.37310009,1653.6132183083344
2023-06-19,11081.05393661,1643.2699362995043
2023-06-20,10916.58073648,1631.6891780851556
2023-06-21,10238.94283475,1618.3494965978211
2023-06-26,9790.71655842,1595.2961253998344
2023-06-27,8423.08575617,1622.7676439340482
2023-06-28,8897.09379925,1623.2019452216466
2023-06-29,8672.73471134,1622.101577064005
2023-06-30,9204.13352343,1636.4075863175326
2023-07-03,10260.73763109,1657.6765176114825
2023-07-04,9309.61266731,1654.5893368310722
2023-07-05,8699.35406265,1649.168858444838
2023-07-06,8214.17193088,1643.190085845449
2023-07-07,8014.49529379,1643.0835912864668
2023-07-10,7629.09781456,1644.9842037214867
2023-07-11,7746.9112297,1653.7129744008168
2023-07-12,9132.89800042,1641.363070174678
2023-07-13,9220.86316954,1663.515500255625
2023-07-14,9242.35514203,1665.941868872914
2023-07-17,8038.69570327,1660.3392785021122
2023-07-18,7783.67050712,1658.0482129353431
2023-07-19,7036.08480985,1662.0595908979371
2023-07-20,7876.39909303,1651.5192682631314
2023-07-21,7122.24287617,1652.0813276876038
2023-07-24,6599.77144412,1650.5566971359506
2023-07-25,9490.9039851,1682.4072414860693
2023-07-26,7930.85519995,1679.942138786881
2023-07-27,7809.75743927,1679.5757278972428
2023-07-28,9494.41398259,1708.576698231074
2023-07-31,11061.81700223,1721.8762962313253
2023-08-01,9576.10190139,1726.076616036081
2023-08-02,8369.50103327,1708.8263574990128
2023-08-03,8337.39038678,1716.1592914946254
2023-08-04,10500.91619509,1719.9187010543799
2023-08-07,8910.0303289,1708.8049977082887
2023-08-08,7997.46945416,1703.1345325559037
2023-08-09,7373.90437063,1696.7744953320519
2023-08-10,6950.68759507,1703.1945115896324
2023-08-11,7642.98494144,1672.6489932661675
2023-08-14,7425.08516563,1670.740695742378
2023-08-15,7070.26433845,1674.9873327469768
2023-08-16,7049.84828202,1664.4823011062858
2023-08-17,7406.31836634,1669.717016500976
2023-08-18,7455.35606162,1654.755022173123
2023-08-21,6789.44559096,1637.075970819791
2023-08-22,8192.87957915,1651.554569954638
2023-08-23,7069.74409684,1633.3510262135997
2023-08-24,7867.3623766,1625.4922712373912
2023-08-25,7674.21625576,1618.7646673529086
2023-08-28,11278.24407097,1642.1538534282618
2023-08-29,10381.67963848,1656.0380667117338
2023-08-30,9853.40016429,1649.792250419115
2023-08-31,8294.90115529,1639.9293642299754
2023-09-01,7468.96541733,1645.7765231354024
2023-09-04,8881.31348622,1671.9088230759637
2023-09-05,8058.26038765,1660.0583234361447
2023-09-06,7726.72684407,1661.4852025860155
2023-09-07,7682.32130884,1645.618284801579
2023-09-08,6828.89949237,1643.9884701024864
2023-09-11,8419.75679353,1655.6806640417828
2023-09-12,7091.54341747,1654.8731259565857
2023-09-13,6990.79486609,1648.887763525253
2023-09-14,6666.43228312,1653.9862548436297
2023-09-15,7224.36985806,1650.7655486643664
2023-09-18,6993.28321864,1652.2726080485754
2023-09-19,6357.38825464,1652.861948919594
2023-09-20,5740.0892511,1648.7839425420352
2023-09-21,5797.05363306,1639.1098984772589
2023-09-22,7663.62289896,1659.358758215877
2023-09-25,7186.77172702,1650.008111586768
2023-09-26,6664.37359878,1642.51705138406
2023-09-27,7172.58932279,1641.0642610854127
2023-09-28,7179.98931758,1649.2953996081649
2023-10-09,7706.75286311,1643.1353741081537
2023-10-10,7753.13060962,1633.4985868312533
2023-10-11,8392.75025079,1632.8438395116002
2023-10-12,8318.20964373,1652.8547990919205
2023-10-13,8091.53132218,1648.7793154017709
2023-10-16,8136.64592835,1645.7920899814496
2023-10-17,7359.63467381,1649.0490993155183
2023-10-18,7671.13307523,1633.0903596691905
2023-10-19,8132.94784514,1607.9857812722262
2023-10-20,7321.76114552,1598.0478222429297
2023-10-23,7216.8808409,1571.2252025563519
2023-10-24,8045.94682956,1584.8835177403785
2023-10-25,8743.11847944,1595.244035398707
2023-10-26,8429.54055629,1606.0726745471306
2023-10-27,9659.41771219,1619.088727340915
2023-10-30,10392.34702051,1615.8164961943598
2023-10-31,9192.89260637,1615.6904508680693
2023-11-01,8134.39735115,1616.500284485945
2023-11-02,7681.42421262,1612.5723380713043
2023-11-03,8111.03388797,1617.8703841741471
2023-11-06,10658.67010304,1630.0078290049823
2023-11-07,9948.68151333,1633.1284239906956
2023-11-08,10397.85847251,1629.8612928738548
2023-11-09,9648.56202077,1631.730023100118
2023-11-10,8297.49483346,1627.2130214501697
2023-11-13,8706.86844954,1635.49926551474
2023-11-14,8961.08446528,1640.7103984116393
2023-11-15,9931.81957915,1647.656942076529
2023-11-16,8535.35294621,1639.8071450272053
2023-11-17,8287.97142893,1641.2305550859335
2023-11-20,9310.24822607,1649.7577021764741
2023-11-21,10081.70143711,1650.8346139252073
2023-11-22,8884.1700458,1641.125220502629
2023-11-23,8396.32028152,1650.5943956718954
2023-11-24,8304.12276971,1643.481375684795
2023-11-27,8588.89032145,1638.3454519764582
2023-11-28,7953.31136551,1641.425593276238
2023-11-29,7926.06898139,1629.4069594309042
2023-11-30,7853.82888231,1632.3455237764872
2023-12-01,8445.61534197,1638.7678651335734
2023-12-04,8589.40600461,1637.9708814157673
2023-12-05,8383.13733117,1613.9754634453607
2023-12-06,8314.76134551,1612.1636771546162
2023-12-07,8339.8892705,1612.425705825055
2023-12-08,9758.80081026,1609.2160901053082
2023-12-11,9226.96855222,1617.9236792009708
2023-12-12,7980.41280117,1628.8325170884505
2023-12-13,7846.73995208,1615.3640301938856
2023-12-14,7578.07113341,1612.3643276641455
2023-12-15,7483.41087673,1604.0860649980775
2023-12-18,7090.4852773,1595.3593124119743
2023-12-19,6582.71567732,1593.6787892619532
2023-12-20,6817.78514869,1580.6596964266523
2023-12-21,7550.86224901,1585.7460171097307
2023-12-22,7924.3438427,1581.835609555475
2023-12-25,6233.54573281,1581.5107138677818
2023-12-26,6279.8576169,1573.2761668631222
2023-12-27,6526.12672641,1583.8669747471906
2023-12-28,9023.97559063,1599.562675883746
2023-12-29,8413.14566012,1610.0230536182319
2024-01-02,8100.69713909,1612.3949225583522
2024-01-03,7564.61414848,1619.3442104361325
2024-01-04,6900.69708087,1617.6606927870948
2024-01-05,7546.34308822,1605.6427391852885
2024-01-08,6703.05679545,1585.05716357217
2024-01-09,6870.26386698,1589.6423143422821
2024-01-10,6568.86760694,1579.7245293488193
2024-01-11,7221.31344916,1585.4796556542917
2024-01-12,6891.58280494,1585.3930498995146
2024-01-15,6188.98326439,1588.8143648263535
2024-01-16,6973.8764266,1591.3298916012852
2024-01-17,6493.23237512,1561.5990128122176
2024-01-18,8767.16210956,1557.1684014573875
2024-01-19,6804.05854936,1548.333543943535
2024-01-22,8051.96396826,1499.52625810242
2024-01-23,7132.12390245,1508.786115929642
2024-01-24,7772.81492492,1543.706787526034
2024-01-25,9030.53414157,1592.9336700575855
2024-01-26,8394.84231662,1604.744689101222
2024-01-29,8150.71130375,1588.48393838175
2024-01-30,6712.23111901,1559.235204295797
2024-01-31,7670.06851879,1529.6705089345423
2024-02-01,7108.75748166,1512.4204998888301
2024-02-02,8141.11163113,1486.3997105156518
2024-02-05,8849.51891728,1445.6517125731605
2024-02-06,9359.1239355,1489.0825404612324
2024-02-07,10329.78303473,1497.7842591705903
2024-02-08,10248.79818689,1529.1579074131528
2024-02-19,9646.89382195,1562.2075838884375
2024-02-20,7985.12298798,1573.820356520228
2024-02-21,9899.60394783,1589.517036580555
2024-02-22,8306.73786964,1608.6597214222406
2024-02-23,9300.85249858,1624.2650489034797
2024-02-26,9972.60919701,1612.3020072826932
2024-02-27,10026.98229019,1634.906188405684
2024-02-28,13712.42426123,1596.830385649449
2024-02-29,10634.17409598,1628.8297309739428
2024-03-01,10656.42530858,1635.5641997064185
2024-03-04,10860.15354756,1637.1149356779804
2024-03-05,10751.51059772,1637.2371883857024
2024-03-06,9393.17132228,1637.001970772144
2024-03-07,9894.24489704,1634.1669851620616
2024-03-08,8664.68587278,1645.2259926882523
2024-03-11,10122.05104952,1656.6143501716124
2024-03-12,11514.90413611,1646.9720738607289
2024-03-13,10603.54829828,1641.2706165943414
2024-03-14,10128.22621801,1640.2681572416093
2024-03-15,9535.39132391,1654.3619440214775
2024-03-18,11450.90803029,1669.2972932702069
2024-03-19,10845.34520453,1658.7622963903057
2024-03-20,10054.73390589,1671.3980343716607
2024-03-21,10737.067624,1673.1521515026975
2024-03-22,11027.27345087,1658.5407098380479
2024-03-25,10489.17634374,1645.6459822454042
2024-03-26,9608.11735225,1650.4504982380809
2024-03-27,8942.53840722,1626.5066547626823
2024-03-28,9371.21483048,1636.8384391393213
2024-03-29,8631.84743023,1655.6098530983213
2024-04-01,10036.47484271,1677.8461881955136
2024-04-02,9724.33431905,1681.6974365779374
2024-04-03,9224.69773951,1679.5657359627098
2024-04-08,9357.78479478,1669.0220733894325
2024-04-09,7996.53904976,1670.9982088107297
2024-04-10,8372.93411022,1656.6153682720574
2024-04-11,8178.12767054,1660.2920296973614
2024-04-12,8144.86377693,1649.7201478150391
2024-04-15,10017.93466243,1654.404371144767
2024-04-16,9517.67386136,1611.4846675695383
2024-04-17,9236.56003712,1660.5064661691
2024-04-18,9553.51140073,1659.9147205188508
2024-04-19,8651.3781252,1658.3561194577212
2024-04-22,8255.58965153,1641.1728195993642
2024-04-23,7791.32800517,1631.4146201249393
2024-04-24,7991.29146281,1643.7644317035124
2024-04-25,7778.92613664,1649.9367159362414
2024-04-26,10909.18132905,1663.4353331023774
2024-04-29,12166.65469793,1681.6688926349138
2024-04-30,10353.31297846,1675.5948487989256
2024-05-06,11069.3023712,1690.0862653668723
2024-05-07,9727.25577383,1692.2317530794558
2024-05-08,8685.55048564,1680.2230928704923
2024-05-09,9055.35989016,1693.032667730195
2024-05-10,9165.58635989,1693.083457886594
2024-05-13,9132.74285559,1686.215315077146
2024-05-14,8274.27999225,1686.7221404261024
2024-05-15,7638.04213285,1676.0134866837582
2024-05-16,8503.04295616,1681.6865251564816
2024-05-17,8899.7340617,1701.1335768272486
2024-05-20,9979.65931949,1706.71356515505
2024-05-21,8017.6308524,1699.4697201239908
2024-05-22,8341.38653814,1704.132936499712
2024-05-23,8557.11713751,1677.7619980981717
2024-05-24,7690.71535935,1668.6472887510376
2024-05-27,7783.86453968,1683.6179665159402
2024-05-28,7453.12526009,1672.4200723282127
2024-05-29,7117.31377958,1671.804381720841
2024-05-30,7266.96679157,1659.3633238259843
2024-05-31,7176.964886,1660.3159362540623
2024-06-03,8337.0310179,1643.5881651686773
2024-06-04,7487.89660288,1647.5772672410444
2024-06-05,6913.16123099,1629.5254837619234
2024-06-06,8490.60495115,1607.3273915067405
2024-06-07,7190.0374606,1625.902483330428
2024-06-11,7051.89577214,1612.6037115434215
2024-06-12,6940.46366915,1619.937734198593
2024-06-13,7549.8075017,1610.781617514836
2024-06-14,8507.25368933,1614.9907117945943
2024-06-17,7538.98178363,1602.7831803486683
2024-06-18,7394.8928169,1615.3079331193653
2024-06-19,7087.76531428,1611.7729683695104
2024-06-20,7277.28175674,1595.2001602488363
2024-06-21,6233.74428425,1593.8394627752584
2024-06-24,6985.57528626,1568.1181784676862
2024-06-25,6510.1823151,1567.9440914802553
2024-06-26,6461.33561843,1588.416145326538
2024-06-27,6290.44083652,1575.701104227879
2024-06-28,7057.69189779,1587.2760982513014
2024-07-01,6605.13254778,1609.092769823527
2024-07-02,6472.01921966,1618.1855242888546
2024-07-03,5828.97413331,1611.7812375152787
2024-07-04,5859.35779459,1593.4515529437947
2024-07-05,5772.49847666,1592.9716900165165
2024-07-08,5842.06968787,1575.4832754893005
2024-07-09,7269.86892001,1593.2358012752693
2024-07-10,6799.06898133,1582.6121903949756
2024-07-11,7898.63943409,1607.5738682145832
2024-07-12,6898.64382971,1611.8515881646604
2024-07-15,6049.07182953,1610.6068611767143
2024-07-16,6463.56620109,1614.1082324027336
2024-07-17,6879.01633333,1605.9379140571996
2024-07-18,6817.07063664,1611.0030610541296
2024-07-19,6765.01910855,1610.1512006938556
2024-07-22,6612.765946,1602.5546892270268
2024-07-23,6666.33907644,1588.5992283866676
2024-07-24,6314.33703339,1579.9183494023434
2024-07-25,5928.69334339,1577.8363231647788
2024-07-26,6103.65151676,1584.6164138537379
2024-07-29,5896.99023041,1592.8183583714617
2024-07-30,6035.04117102,1593.1295077135367
2024-07-31,9080.65513928,1620.2135677618983
2024-08-01,7865.08595555,1622.0736018061014
2024-08-02,7261.34583181,1610.5928587176713
2024-08-05,7936.30522518,1586.3129994210408
2024-08-06,6568.60754604,1593.3844045809
2024-08-07,5945.57595702,1593.5377335302908
2024-08-08,6230.03597358,1596.0435445877847
2024-08-09,5659.25037259,1592.5946364751146
2024-08-12,4986.57221975,1586.1148658450536
2024-08-13,4798.77056085,1594.9854700645285
2024-08-14,4801.86205507,1588.6489049200375
2024-08-15,5943.43945402,1604.856912434167
2024-08-16,5941.34672566,1604.9298283713829
2024-08-19,5732.75788765,1615.3448866811436
2024-08-20,5611.89238858,1600.4784319660057
2024-08-21,5126.84907198,1593.5154719336876
2024-08-22,5520.40290244,1587.0688933598803
2024-08-23,5128.58136132,1587.7627707450815
2024-08-26,5289.00858859,1595.044884271788
2024-08-27,5139.93008283,1588.538983902395
2024-08-28,4989.51969563,1585.6082560828809
2024-08-29,6099.33216706,1575.7952402067915
2024-08-30,8800.1661439,1582.5040756243834
2024-09-02,7082.74639459,1569.593842674113
2024-09-03,5826.38721281,1563.406685714373
2024-09-04,5615.67186615,1551.536116376082
2024-09-05,5368.77134497,1555.3471065679987
2024-09-06,5448.00656292,1543.275754744285
2024-09-09,5204.47328935,1531.1034486470091
2024-09-10,5294.14307162,1536.8270853189142
2024-09-11,5011.32925931,1517.8705778397632
2024-09-12,5173.24155959,1519.5825125216986
2024-09-13,5284.95934597,1513.984843941483
2024-09-18,4817.33881799,1518.8499505846607
2024-09-19,6293.92050931,1538.187918717952
2024-09-20,5767.86985136,1540.4875584280032
2024-09-23,5528.57576416,1549.749277801907
2024-09-24,9744.22642523,1611.3505608920195
2024-09-25,11616.76156169,1633.88369930174
2024-09-26,11663.60479848,1688.7118666967594
2024-09-27,14556.27491556,1730.3084547024766
2024-09-30,26114.91035387,1867.4484558608376
2024-10-08,34835.43098892,1949.0312169076783
2024-10-09,29665.52767718,1813.6623343683991
2024-10-10,21609.11171322,1843.2561918247172
2024-10-11,15868.0157598,1800.0519567453312
2024-10-14,16489.97410649,1847.1465366993662
2024-10-15,16515.12704504,1805.3237726808575
2024-10-16,13895.82494883,1820.6911637068033
2024-10-17,15192.65476888,1800.2630751341724
2024-10-18,21305.91676051,1838.6580825262156
2024-10-21,22288.93989026,1842.7605509162286
2024-10-22,19607.4691467,1858.8691797692566
2024-10-23,19647.7671384,1869.3126475884126
2024-10-24,15634.1783125,1862.886830656825
2024-10-25,18307.66429543,1879.317354048346
2024-10-28,19040.5905946,1907.7341592082953
2024-10-29,21148.66927245,1884.8851860461036
2024-10-30,18933.87790127,1885.0413927742304
2024-10-31,22621.8070505,1904.321559264855
2024-11-01,22677.89991936,1896.1817049098802
2024-11-04,17234.98396457,1915.6757828262732
2024-11-05,23506.46185129,1961.6597294808253
2024-11-06,26240.53645498,1967.7150786417471
2024-11-07,25631.07767843,2016.7136453456003
2024-11-08,27322.9944213,2004.2337784764457
2024-11-11,25465.32123913,2007.577671295223
2024-11-12,25870.30357764,1984.3847800572485
2024-11-13,20417.86345299,1989.357102795782
2024-11-14,18712.02357113,1954.6745677355539
2024-11-15,18632.81812132,1932.171303939028
2024-11-18,17959.7898735,1935.976150960059
2024-11-19,15966.24839064,1948.2177869210354
2024-11-20,16515.77849666,1967.6427952251258
2024-11-21,16558.26405776,1967.9992527179895
2024-11-22,18321.83734357,1913.9669293093668
2024-11-25,15213.85961725,1919.5177035613772
2024-11-26,13345.59997214,1918.6441906145778
2024-11-27,14874.71332443,1943.9700651915728
2024-11-28,15256.3563492,1944.48141548602
2024-11-29,17463.71286225,1958.8254996836886
2024-12-02,18253.35104963,1990.6829800408352
2024-12-03,17559.57258433,2004.9663203020289
2024-12-04,16973.94997755,1994.786010145485
2024-12-05,15265.5149931,2005.8627688031306
2024-12-06,18175.7326571,2033.013666299064
2024-12-09,16612.17641335,2031.9970641547905
2024-12-10,22279.03526264,2042.4255658970205
2024-12-11,17983.91909401,2054.928230169335
2024-12-12,18873.96268304,2073.0981668689583
2024-12-13,20898.10586792,2036.0647816940486
2024-12-16,17168.49342184,2040.1370513245704
2024-12-17,15251.97415222,2009.21572133592
2024-12-18,13753.20318107,2020.9792634554744
2024-12-19,14647.44491897,2010.4262240111486
2024-12-20,15327.57743956,2008.961911072585
2024-12-23,15456.61265083,1988.4060048643826
2024-12-24,13213.06807083,2010.2535509567278
2024-12-25,12946.48137595,2001.290789094818
2024-12-26,12863.54102818,2002.8086609675393
2024-12-27,14474.54427355,2012.389160465188
2024-12-30,12884.77356548,2019.2382333425467
2024-12-31,13586.25120269,1984.455420971171
2025-01-02,14094.98322955,1937.5429302136677
2025-01-03,12821.94406612,1899.1563429052037
2025-01-06,10712.00365091,1897.1491413076208
2025-01-07,10891.48863983,1917.4399785649368
2025-01-08,12576.29475118,1919.4308488263205
2025-01-09,11295.0488386,1909.241961906484
2025-01-10,11629.56711144,1875.4242840146399
2025-01-13,9762.08024797,1870.858430603004
2025-01-14,13719.9414088,1924.4895822259691
2025-01-15,12118.85409618,1917.9075726499993
2025-01-16,12929.86883415,1932.6648600098792
2025-01-17,11510.8195887,1928.143821015285
2025-01-20,11962.91981138,1928.7910212482082
2025-01-21,12175.53725526,1922.9743587722248
2025-01-22,11477.05006841,1902.644941905609
2025-01-23,13694.6473123,1917.062825398427
2025-01-24,12337.33159025,1927.875329668594
2025-01-27,11275.94108659,1929.7761866459712
2025-02-05,13002.86179171,1922.5878715320812
2025-02-06,15548.07608802,1944.1858562878472
2025-02-07,19918.82939039,1964.302644256789
2025-02-10,17595.68501207,1981.7434970923553
2025-02-11,16779.83254062,1983.320423667813
2025-02-12,17118.76456496,1998.322630252056
2025-02-13,18539.76374157,1994.6250447517107
2025-02-14,17447.81510697,1996.8524190076616
2025-02-17,19717.84537464,2008.8623305808717
2025-02-18,18262.88339718,1986.6223868416776
2025-02-19,17492.26887935,1999.4129413963528
2025-02-20,17914.61772071,2002.785699015063
2025-02-21,22310.55062032,2007.2183070372168
2025-02-24,21153.66051297,2009.2643236073231
2025-02-25,19254.76808659,1993.3809665493193
2025-02-26,19697.00729891,2014.7429263233576
2025-02-27,20418.91633785,2017.158705256754
2025-02-28,19054.94740217,1980.8143471660928
2025-03-03,16642.58272167,1983.1842783441539
2025-03-04,14798.97081117,1987.3635839351605
2025-03-05,15456.88880327,1997.6000440570963
2025-03-06,19532.15827449,2013.1869621046358
2025-03-07,18615.74032759,2005.5790156578666
2025-03-10,15440.09166629,2002.5106707041837
2025-03-11,15198.15520468,2012.1114692660008
2025-03-12,17255.42549706,2011.4424825568337
2025-03-13,16483.64479048,2006.455696550586
2025-03-14,18409.45337414,2033.6605057914219
2025-03-17,16209.34353723,2041.542484684136
2025-03-18,15642.21754568,2043.9774110572898
2025-03-19,15068.97484249,2042.057362688439
2025-03-20,14766.17368231,2038.4679086519886
2025-03-21,15797.48404588,2019.7128603788176
2025-03-24,14744.31017756,2014.3523522377022
2025-03-25,12874.96163838,2020.7834417892689
2025-03-26,11801.75661443,2024.3071097764064
2025-03-27,12167.64522167,2020.3794056971196
2025-03-28,11450.17107505,2001.189619703641
2025-03-31,12432.92320872,1989.7179915562122
2025-04-01,11527.81563905,1997.0393048914034
2025-04-02,9927.02827546,2000.4237200687496
2025-04-03,11582.24646164,2002.822446490911
2025-04-07,16179.6846018,1845.2735665299613
2025-04-08,16532.05775275,1872.4836424063978
2025-04-09,17409.99490648,1895.7268904137018
2025-04-10,16590.48985089,1919.7994135163453
2025-04-11,13906.85079862,1923.0698803050147
2025-04-14,13126.66590594,1947.7676470587057
2025-04-15,11102.22911103,1951.0714445134668
2025-04-16,11408.07385932,1950.6226588926559
2025-04-17,10304.15699576,1953.9591735878591
2025-04-18,9491.7368142,1958.5682220902886
2025-04-21,10735.8034355,1967.9225814075915
2025-04-22,11212.07482298,1976.4343122611567
2025-04-23,12624.62397371,1974.3816306289687
2025-04-24,11389.19178277,1975.1627583354607
2025-04-25,11370.10714259,1977.3396063300938
2025-04-28,10767.81760663,1969.7379159837076
2025-04-29,10417.34612763,1968.8009185245498
2025-04-30,11930.93662393,1959.8924137828103
2025-05-06,13644.47474508,1987.778504115239
2025-05-07,15050.72310745,2006.1806699780473
2025-05-08,13217.96951561,2014.053230784825
2025-05-09,12223.85883077,2008.6340568922521
2025-05-12,13408.673583,2024.2431782413917
2025-05-13,13260.19639583,2031.5638785395008
2025-05-14,13499.14601603,2046.633367027155
2025-05-15,11904.19197823,2032.672789585364
2025-05-16,11241.15343611,2026.0658554360723
2025-05-19,11188.81570311,2036.4128291680613
2025-05-20,12112.26034396,2044.612046656599
2025-05-21,12143.72706144,2046.62759582375
2025-05-22,11397.05240128,2036.359879095171
2025-05-23,11825.63708645,2015.1158359305455
2025-05-26,10338.72196332,2019.9093913115216
2025-05-27,10241.22599014,2022.5566562567446
2025-05-28,10338.73190229,2020.0216660656558
2025-05-29,12134.09808014,2035.5476604350567
2025-05-30,11642.4605786,2026.858760191077
2025-06-03,11638.29628083,2036.0182071830786
2025-06-04,11774.12986363,2046.5205767427105
2025-06-05,13169.62323193,2046.484160182668
2025-06-06,11772.13008031,2050.7399035525546
2025-06-09,13126.55449256,2062.459508370139
2025-06-10,14514.3705502,2055.665891118698
2025-06-11,12866.77170206,2066.806338184107
2025-06-12,13036.22792392,2066.9878975611896
2025-06-13,15039.96573375,2049.9742677397503
2025-06-16,12436.41397116,2061.2006687012185
2025-06-17,12371.36332106,2065.8286931104876
2025-06-18,12217.63879841,2065.637255266815
2025-06-19,12808.89732368,2045.4995812119425
2025-06-20,10917.39560696,2044.4878331847383
2025-06-23,11469.22416237,2065.2135571921385
2025-06-24,14480.58587658,2088.303804670986
2025-06-25,16395.05977565,2108.798839779759
2025-06-26,16232.22763633,2108.413150367852
2025-06-27,15756.90673314,2098.543198580797
2025-06-30,15173.70401139,2108.4953890725105
2025-07-01,14965.31050567,2120.6093067212
2025-07-02,14051.08669699,2126.0570442045105
2025-07-03,13335.05856979,2128.934569267499
2025-07-04,14545.19456452,2133.338781307577
2025-07-07,12270.66824609,2141.6512937714956
2025-07-08,14746.12593734,2158.6454644118317
2025-07-09,15274.20220142,2161.753693601376
2025-07-10,15150.67527143,2180.7160670786866
2025-07-11,17366.09696489,2180.560401882635
2025-07-14,14809.22102493,2188.1963205358693
2025-07-15,16350.04507249,2170.006747499269
2025-07-16,14617.34218444,2182.40499780192
2025-07-17,15602.74264552,2188.0756628999393
2025-07-18,15933.18991344,2198.2789034518864
2025-07-21,17271.35080204,2224.1069419244727
2025-07-22,19286.45026624,2237.872483407815
2025-07-23,18983.70906158,2233.8064659386973
2025-07-24,18738.80698767,2249.6950131352983
2025-07-25,18154.51234121,2236.3989863213005
2025-07-28,17661.50090249,2233.6601741515906
2025-07-29,18293.0936878,2233.43818281082
2025-07-30,18709.7630211,2237.713218989344
2025-07-31,19618.49007799,2210.5529662698505
2025-08-01,16198.83671413,2207.6494308828483
2025-08-04,15182.02456083,2219.4656393424775
2025-08-05,16158.21323538,2242.296044474682
2025-08-06,17592.41728842,2250.7170788840535
2025-08-07,18524.79305169,2256.3386383134703
2025-08-08,17363.02971196,2259.58110527833
2025-08-11,18499.1726763,2265.8876386636334
2025-08-12,19052.10430221,2272.6655644845696
2025-08-13,21752.10716098,2276.1033184401776
2025-08-14,23062.82565235,2257.501950196125
2025-08-15,22728.38040823,2272.5317977539407
2025-08-18,28091.30228295,2289.867849926444
2025-08-19,26406.7959386,2295.3541767938245
2025-08-20,24484.14475101,2314.935180721132
2025-08-21,24603.35049734,2324.253445041655
2025-08-22,25788.42283783,2337.836288965493
2025-08-25,31769.48203563,2363.9194684468757
2025-08-26,27098.31065742,2364.387000898495
2025-08-27,31977.88291965,2314.9363323721373
2025-08-28,30008.90233547,2327.265790575556
2025-08-29,28301.97224983,2325.2092865198815
2025-09-01,27776.46700622,2333.652248076038
2025-09-02,29124.23043022,2331.3345685966665
2025-09-03,23956.82256551,2298.024251728212
2025-09-04,25818.92828988,2293.8112841720726
2025-09-05,23483.59289786,2311.8230463988625
2025-09-08,24631.37922366,2325.36031353701
2025-09-09,21520.8036845,2318.5083874255274
2025-09-10,20039.5226591,2321.0977578514485
2025-09-11,24645.92729692,2345.158379511038
2025-09-12,25483.11820445,2343.6271902942053
2025-09-15,23031.80069986,2341.0940575859586
2025-09-16,23670.6915871,2346.4744462250546
2025-09-17,24029.23862912,2353.745087430237
2025-09-18,31666.4325768,2315.514293403065
2025-09-19,23494.1315676,2305.250344637795
2025-09-22,21424.62764493,2294.056356999386
2025-09-23,25184.71303486,2289.055779545925
2025-09-24,23471.5428593,2304.023997251673
2025-09-25,23917.70731518,2296.419723924328
2025-09-26,21661.07175891,2289.174902000779
2025-09-29,21781.42641662,2303.1622225700576
2025-09-30,21972.49493905,2308.092718870742
2025-10-09,26718.1808796,2339.4202351537515
2025-10-10,25341.46454094,2340.468703976237
2025-10-13,23742.21492666,2335.199119285655
2025-10-14,25965.85408839,2341.0727057949052
2025-10-15,20903.86715402,2360.937198858097
2025-10-16,19486.58599677,2362.666895994683
2025-10-17,19544.07554406,2331.5161672162094
2025-10-20,17512.94505763,2348.186487590465
2025-10-21,18926.92698877,2376.1870971406515
2025-10-22,16902.56794954,2384.0218981326802
2025-10-23,16607.08816795,2395.9919483600193
2025-10-24,19916.1675223,2395.4839300329577
2025-10-27,23565.88539434,2415.70919770025
2025-10-28,21653.06650224,2413.7421065138465
2025-10-29,22906.74105179,2421.4277571959533
2025-10-30,24642.94237052,2409.2803799366247
2025-10-31,23498.13486528,2401.0814571639794
2025-11-03,21329.0384629,2426.206551330628
2025-11-04,19383.94964734,2426.86953389252
2025-11-05,18943.39866494,2437.1286905750126
2025-11-06,20759.03916512,2446.515559092834
2025-11-07,20202.04970657,2446.0071880453274
2025-11-10,21943.71384345,2466.3966661218265
2025-11-11,20138.85360926,2469.279554254729
2025-11-12,19648.13023859,2469.491816878025
2025-11-13,20656.80879651,2485.724870624423
2025-11-14,19803.81884094,2477.583094579053
2025-11-17,19303.21103304,2469.3593553497144
2025-11-18,19459.58604615,2444.4006910213093
2025-11-19,17426.65765416,2444.086005713903
2025-11-20,17226.34730148,2441.976602986179
2025-11-21,19835.99376133,2380.158397541252
2025-11-24,17403.50182636,2383.4064029506153
2025-11-25,18261.69389962,2405.660011979045
2025-11-26,17971.90474216,2395.4283034053888
2025-11-27,17231.72379591,2398.478042751739
2025-11-28,15977.30794393,2408.2824266569355
2025-12-01,18894.49234179,2425.230385649413
2025-12-02,16072.66719958,2421.448303090159
2025-12-03,16835.56162338,2409.521199153176
2025-12-04,15616.65471312,2398.3780685845877
2025-12-05,17389.52859111,2415.454067235232
2025-12-08,20516.11871628,2422.028772003274
2025-12-09,19176.89372283,2405.8760782560958
2025-12-10,17916.3415776,2403.3529144422478
2025-12-11,18852.75975968,2383.858219288774
2025-12-12,21190.09686465,2384.5295554695276
2025-12-15,17944.19910172,2382.4818528711594
2025-12-16,17480.90890921,2356.975179729639
2025-12-17,18343.64912288,2375.0364406454446
2025-12-18,16768.00696865,2387.026722269005
2025-12-19,17487.41853794,2405.0511842611686
2025-12-22,18821.93940957,2415.32814110125
2025-12-23,19213.73040786,2409.6717221218614
2025-12-24,18972.41756428,2421.05858767035
2025-12-25,19439.17869214,2429.3174102011694
2025-12-26,21811.03641944,2432.1514992336147
2025-12-29,21576.86377022,2433.540744021857
2025-12-30,21615.31644336,2429.1869666836005
2025-12-31,20657.88014487,2435.5468308498657
2026-01-05,25672.39811635,2451.1601080175355
2026-01-06,28322.77969205,2484.102096465619
2026-01-07,28815.65961189,2475.75987347444
2026-01-08,28263.02442822,2481.368171640232
2026-01-09,31523.68298167,2499.848534297486
2026-01-12,36446.14289497,2531.1366301628655
2026-01-13,36988.11083914,2524.057879063447
2026-01-14,39868.61533538,2516.530878417015
2026-01-15,29384.93793991,2501.5927215207635
2026-01-16,30565.23974277,2483.471431846368
2026-01-19,27322.16214272,2495.712715919711
2026-01-20,28042.35216197,2507.775329280644
2026-01-21,26237.47053499,2497.4124990744663
2026-01-22,27164.04578145,2510.1269405355865
2026-01-23,31181.07722921,2524.3255215469726
2026-01-26,32806.4439775,2527.3287830512104
2026-01-27,29214.5367161,2516.5817329927418
2026-01-28,29922.89486153,2524.8953387315696
2026-01-29,32594.17550198,2534.4666133847477
2026-01-30,28624.25410436,2511.1705087176833
2026-02-02,26066.37984538,2461.6148758061613
2026-02-03,25656.12992446,2482.7996421494645
2026-02-04,25032.62865556,2515.0959219142005
2026-02-05,21942.79690357,2504.6697532859366
2026-02-06,21634.75055528,2503.1192025919604
2026-02-09,22701.79145333,2532.5666635342764
2026-02-10,21247.44548281,2537.557639007551
2026-02-11,20010.43433689,2541.0508001503185
2026-02-12,21607.70686539,2529.112227538095
2026-02-13,19989.41692928,2497.145752906189
2026-02-24,22181.60722196,2529.940703104799
2026-02-25,24808.9198269,2551.541432192528
2026-02-26,25566.39456212,2545.111349184411
2026-02-27,25054.80227081,2562.237182607025
2026-03-02,30457.64686707,2568.0972646620994
2026-03-03,31575.57743652,2548.0104237628293
2026-03-04,23879.41675351,2526.340227976458
2026-03-05,24125.90766721,2545.7395325781154
2026-03-06,22192.38855323,2563.414308488842
2026-03-09,26705.81822513,2554.4560815718005
2026-03-10,24168.29506592,2560.0529412833794
2026-03-11,25282.9390134,2578.4184338114414
2026-03-12,24605.5524876,2585.5076755190526
2026-03-13,24172.75519133,2572.024061591218
2026-03-16,23399.03116308,2561.9307190233462
2026-03-17,22245.68131392,2550.896393647474
2026-03-18,20610.27859931,2549.319765953005
2026-03-19,21272.61718109,2520.1008210960645
2026-03-20,23028.24611707,2484.2409175506095
2026-03-23,24481.05222371,2391.833338542559
2026-03-24,20960.69957122,2445.2494291728244
2026-03-25,21928.53021113,2481.428944107096
2026-03-26,19569.68363436,2459.058723814667
2026-03-27,18637.9235771,2472.2568987994296
2026-03-30,19275.48105482,2476.8482643580796
2026-03-31,20059.05366886,2461.586137474091
2026-04-01,20248.37697663,2479.58703222294
2026-04-02,18577.89952382,2465.306457845456
2026-04-03,16689.13111903,2423.6792791895878
2026-04-07,16235.81024468,2435.387097096203
2026-04-08,24506.44988823,2489.466151526257
2026-04-09,21473.41438986,2464.7722596937365
2026-04-10,23376.11173968,2474.7234407068463
2026-04-13,21630.64886938,2481.815281428168
2026-04-14,23967.98587915,2498.013174803725
2026-04-15,24294.77820339,2495.485988233633
2026-04-16,23549.62986554,2510.289452915852
2026-04-17,24528.93221587,2505.869016033467
2026-04-20,26065.22778409,2525.851348635072
2026-04-21,24266.46682146,2530.3671137280867
2026-04-22,25788.47156589,2527.9037079563523
2026-04-23,28233.15532636,2519.7119312102504
2026-04-24,26576.22712603,2506.4473430607636
2026-04-27,26048.07456078,2504.9538811074663
2026-04-28,25504.73217357,2503.478545903205
2026-04-29,26088.7389289,2525.55201691908
2026-04-30,27592.05598067,2520.5860815370065
2026-05-06,32465.96327641,2537.0221456006243
2026-05-07,31682.69724249,2542.7466237695376
2026-05-08,30757.19586376,2552.2036261821586
2026-05-11,35654.5283218,2567.068127653833
2026-05-12,32697.36242917,2556.712231697498
2026-05-13,32642.12322031,2569.404419806367
2026-05-14,33880.86341176,2537.3602485852007
2026-05-15,33702.32295625,2515.964215763048
2026-05-18,29170.73666062,2507.825234943607
2026-05-19,29089.76620151,2529.495194247174
2026-05-20,29764.58677756,2496.997636015375
2026-05-21,35072.79541527,2459.0052360545524
2026-05-22,29246.59105588,2475.1400940543467
