board,listing_year,feature,n,mean_shap,mean_abs_shap
主板,2023.0,board,35,0.7062608777981446,0.7062608777981446
主板,2023.0,subscription_upper_limit_10k,35,0.09596243345155586,0.12535682368878417
主板,2023.0,offline_issue_before_clawback_10k,35,-0.04895120792248192,0.1157777366418601
主板,2023.0,subscription_step_10k,35,0.11538375146337072,0.11538375146337072
主板,2023.0,offline_issue_before_share_pct,35,0.0441043242345291,0.11205715162249928
主板,2023.0,market_turnover_ma20,35,0.08478082326265558,0.08478082326265558
主板,2023.0,online_issue_before_clawback_10k,35,-0.07505950188495286,0.08178162060887453
主板,2023.0,total_issue_shares_10k,35,-0.04361649008723131,0.06785507188400344
主板,2023.0,subscription_lower_limit_10k,35,0.0468946236231635,0.0653404152724701
主板,2023.0,market_turnover_pct_rank_1y,35,0.012069168843163676,0.026091886862290272
主板,2023.0,market_turnover_ma20_over_ma60,35,0.02562077795618973,0.025735389059304586
主板,2023.0,comparable_pe_avg_ex_nonrecurring,35,0.007543402295337415,0.023340918122009162
主板,2023.0,strategic_allocation_10k,35,0.015944653456328714,0.022958392853197573
主板,2023.0,concurrent_offline_issue_sum_10k,35,-0.006208443043912322,0.021626952216802477
主板,2023.0,strategic_allocation_share_pct,35,0.008585143980429677,0.021297250271270027
主板,2023.0,same_board_concurrent_ipo_count,35,0.02103204642762643,0.02103204642762643
主板,2023.0,recent_ipo_first_day_return_ma20,35,0.01848729805765744,0.019775611661762504
主板,2023.0,market_return_ma20,35,0.011644275479595515,0.01572686165395373
主板,2023.0,industry_pe_at_ipo,35,0.005380907379411491,0.012553984394301323
主板,2023.0,concurrent_ipo_count,35,0.004336188607687574,0.01102972588665793
主板,2023.0,same_board_break_rate_ma10,35,0.005687813689476257,0.009395195683973226
主板,2024.0,board,23,0.7272445577463954,0.7272445577463954
主板,2024.0,market_turnover_ma20,23,0.029947549980571378,0.12273786724109605
主板,2024.0,subscription_step_10k,23,0.11608617485062378,0.11608617485062378
主板,2024.0,offline_issue_before_share_pct,23,0.09139032650479405,0.1118606118375828
主板,2024.0,offline_issue_before_clawback_10k,23,0.005002092143263846,0.06823203458613997
主板,2024.0,subscription_upper_limit_10k,23,0.045912401355457315,0.06523444482064124
主板,2024.0,subscription_lower_limit_10k,23,0.04234190119368674,0.04958799013557572
主板,2024.0,online_issue_before_clawback_10k,23,-0.035854410372814935,0.04241943705259621
主板,2024.0,market_turnover_ma20_over_ma60,23,0.012633505795649093,0.04158919543953198
主板,2024.0,market_turnover_pct_rank_1y,23,0.021695004669871547,0.03589502636713866
主板,2024.0,recent_ipo_first_day_return_ma20,23,0.03511478688474182,0.03511478688474182
主板,2024.0,total_issue_shares_10k,23,-0.018298318513144302,0.03288346428843786
主板,2024.0,strategic_allocation_10k,23,-0.005507267588128491,0.02639193822064546
主板,2024.0,same_board_concurrent_ipo_count,23,0.024070511808133913,0.024070511808133913
主板,2024.0,market_return_ma20,23,0.003923710679962388,0.020713909467881902
主板,2024.0,comparable_pe_avg_ex_nonrecurring,23,0.011696482290137856,0.02029162065956123
主板,2024.0,concurrent_offline_issue_sum_10k,23,0.011756542527228502,0.017893977801716893
主板,2024.0,strategic_allocation_share_pct,23,0.0026382855583434034,0.01574225285362092
主板,2024.0,same_board_break_rate_ma10,23,0.00821629078493216,0.008465147014820415
主板,2024.0,industry_pe_at_ipo,23,0.002894038489889818,0.008301886691640031
主板,2024.0,concurrent_ipo_count,23,0.00386819625899911,0.007694128674447575
主板,2025.0,board,36,0.6670457982645817,0.6670457982645817
主板,2025.0,market_turnover_ma20,36,0.17616479906754856,0.17616479906754856
主板,2025.0,subscription_step_10k,36,0.11690583488893666,0.11690583488893666
主板,2025.0,offline_issue_before_share_pct,36,0.07780557306207621,0.11244318359893882
主板,2025.0,recent_ipo_first_day_return_ma20,36,0.0924441535121048,0.0924441535121048
主板,2025.0,offline_issue_before_clawback_10k,36,-0.02657716012865868,0.08439169154654312
主板,2025.0,subscription_upper_limit_10k,36,0.06357134808767395,0.08213280785400162
主板,2025.0,subscription_lower_limit_10k,36,0.035433873168725254,0.04981550108108744
主板,2025.0,online_issue_before_clawback_10k,36,-0.036945110168359115,0.04523478440868765
主板,2025.0,total_issue_shares_10k,36,-0.02678010075983816,0.04147993867760543
主板,2025.0,market_turnover_ma20_over_ma60,36,-0.0028778584009782563,0.03520541799362999
主板,2025.0,strategic_allocation_10k,36,-0.017378876458546487,0.02816384623104164
主板,2025.0,comparable_pe_avg_ex_nonrecurring,36,0.014851760242372121,0.02493631203644342
主板,2025.0,same_board_concurrent_ipo_count,36,0.021421736093031173,0.021421736093031173
主板,2025.0,market_turnover_pct_rank_1y,36,-0.01144338310793621,0.021166594597554565
主板,2025.0,strategic_allocation_share_pct,36,-0.0034002456222714775,0.020361029593592976
主板,2025.0,market_return_ma20,36,-0.0038224074617686987,0.018533703396500966
主板,2025.0,concurrent_offline_issue_sum_10k,36,0.008527322883076099,0.018521972080285273
主板,2025.0,concurrent_ipo_count,36,0.009724791309911008,0.01143251928231096
主板,2025.0,same_board_break_rate_ma10,36,0.00993969454903146,0.00993969454903146
主板,2025.0,industry_pe_at_ipo,36,0.0020546077137731412,0.009754709447565235
主板,2026.0,board,11,0.7552778792055868,0.7552778792055868
主板,2026.0,market_turnover_ma20,11,0.33332513013625814,0.33332513013625814
主板,2026.0,offline_issue_before_share_pct,11,0.11389772287194057,0.1206457856372296
主板,2026.0,subscription_step_10k,11,0.11711381102314888,0.11711381102314888
主板,2026.0,offline_issue_before_clawback_10k,11,-0.03047555409438092,0.09236227554493283
主板,2026.0,subscription_upper_limit_10k,11,0.07937917553313542,0.08636245456448642
主板,2026.0,recent_ipo_first_day_return_ma20,11,0.06713824376669401,0.06713824376669401
主板,2026.0,total_issue_shares_10k,11,-0.027352497490209585,0.04877087706152716
主板,2026.0,online_issue_before_clawback_10k,11,-0.03829807917668009,0.044902119436224304
主板,2026.0,subscription_lower_limit_10k,11,0.027919293623198827,0.04301732805154434
主板,2026.0,market_turnover_ma20_over_ma60,11,9.326061509463526e-05,0.026562278776094465
主板,2026.0,market_turnover_pct_rank_1y,11,0.01787442170081087,0.02580094271859599
主板,2026.0,comparable_pe_avg_ex_nonrecurring,11,0.025391272421422025,0.025391272421422025
主板,2026.0,same_board_concurrent_ipo_count,11,0.02398086892504793,0.02398086892504793
主板,2026.0,strategic_allocation_share_pct,11,-0.004040545802938466,0.020659009523437827
主板,2026.0,market_return_ma20,11,-0.0037402941328688166,0.018046628387318967
主板,2026.0,strategic_allocation_10k,11,-0.006348375834367243,0.01574338737750006
主板,2026.0,industry_pe_at_ipo,11,0.014881612682206901,0.01489951527936605
主板,2026.0,concurrent_offline_issue_sum_10k,11,0.0034057319099822154,0.014826502408775642
主板,2026.0,concurrent_ipo_count,11,0.013940961748974386,0.014298808848390866
主板,2026.0,same_board_break_rate_ma10,11,0.01313867979474253,0.01313867979474253
创业板,2020.0,subscription_step_10k,53,0.10472483319014832,0.10472483319014832
创业板,2020.0,market_turnover_ma20_over_ma60,53,-0.0818592224869146,0.08866125547056483
创业板,2020.0,recent_ipo_first_day_return_ma20,53,0.0881307247138865,0.08854330149441939
创业板,2020.0,concurrent_ipo_count,53,-0.06709805172543797,0.08652364728106647
创业板,2020.0,same_board_concurrent_ipo_count,53,-0.05098820237053649,0.07236725111524206
创业板,2020.0,subscription_lower_limit_10k,53,0.0016245578670328138,0.07067127870920532
创业板,2020.0,market_turnover_ma20,53,0.05525279664399254,0.06882845967948231
创业板,2020.0,subscription_upper_limit_10k,53,-0.01925855438844762,0.06806306584991875
创业板,2020.0,offline_issue_before_share_pct,53,-0.062450875846025655,0.0647594018769027
创业板,2020.0,offline_issue_before_clawback_10k,53,0.0030680209706691482,0.056469243679618975
创业板,2020.0,total_issue_shares_10k,53,-0.005920892450822854,0.03638517920247435
创业板,2020.0,online_issue_before_clawback_10k,53,-0.00918675590795854,0.03219644384532322
创业板,2020.0,market_turnover_pct_rank_1y,53,-0.014297240052694817,0.026955732720436172
创业板,2020.0,strategic_allocation_share_pct,53,0.014291993849569033,0.019822736426241303
创业板,2020.0,concurrent_offline_issue_sum_10k,53,-0.009138739791666843,0.019137491154816003
创业板,2020.0,comparable_pe_avg_ex_nonrecurring,53,-0.0016804122397586303,0.018845976302434165
创业板,2020.0,strategic_allocation_10k,53,0.008751569820211389,0.01287185340342012
创业板,2020.0,industry_pe_at_ipo,53,-0.004774139906270132,0.012865207959302185
创业板,2020.0,market_return_ma20,53,0.003105538187464772,0.0103516828901496
创业板,2020.0,board,53,-0.00027140101867588695,0.009420983003122439
创业板,2020.0,same_board_break_rate_ma10,53,0.0074621625989767905,0.007693501675532819
创业板,2021.0,subscription_step_10k,142,0.1078517077622651,0.1078517077622651
创业板,2021.0,recent_ipo_first_day_return_ma20,142,0.10185648756668626,0.10694289253971717
创业板,2021.0,market_turnover_ma20,142,0.09234705373147564,0.09234705373147564
创业板,2021.0,subscription_upper_limit_10k,142,0.024134791532299405,0.05762941035659399
创业板,2021.0,market_turnover_ma20_over_ma60,142,0.04924956428614052,0.05503021127342574
创业板,2021.0,subscription_lower_limit_10k,142,0.042822651901576816,0.05465982592893418
创业板,2021.0,offline_issue_before_clawback_10k,142,0.0019226827523203718,0.04854255422693777
创业板,2021.0,offline_issue_before_share_pct,142,-0.03720382169143004,0.04662581684963318
创业板,2021.0,market_turnover_pct_rank_1y,142,-0.0007811556362798027,0.03049921515972311
创业板,2021.0,same_board_concurrent_ipo_count,142,0.025458349390650798,0.025812010011349803
创业板,2021.0,strategic_allocation_share_pct,142,0.009494190019492,0.025722995441305505
创业板,2021.0,total_issue_shares_10k,142,0.005663388944011542,0.023923529495529134
创业板,2021.0,concurrent_ipo_count,142,0.021814324652923243,0.02188017173597317
创业板,2021.0,concurrent_offline_issue_sum_10k,142,0.005163347133638838,0.020524226208469016
创业板,2021.0,comparable_pe_avg_ex_nonrecurring,142,0.00909024729660732,0.019949170724706665
创业板,2021.0,online_issue_before_clawback_10k,142,0.0011018515328702432,0.018866300589385293
创业板,2021.0,strategic_allocation_10k,142,0.009945151089347492,0.016412513750808145
创业板,2021.0,market_return_ma20,142,0.00636756743644231,0.013756765230199504
创业板,2021.0,same_board_break_rate_ma10,142,0.008900111811617427,0.0113938006881562
创业板,2021.0,industry_pe_at_ipo,142,0.0010593812405747017,0.010866766130808005
创业板,2021.0,board,142,0.008685763604937835,0.009838286182677815
创业板,2022.0,subscription_step_10k,122,0.10441487688063368,0.10441487688063368
创业板,2022.0,recent_ipo_first_day_return_ma20,122,-0.07340731063898182,0.07343267706730407
创业板,2022.0,subscription_upper_limit_10k,122,0.012414671606844747,0.06822321102448131
创业板,2022.0,market_turnover_ma20,122,0.05873088935651728,0.0649182617141238
创业板,2022.0,subscription_lower_limit_10k,122,0.014996799834702083,0.06424164632036311
创业板,2022.0,offline_issue_before_clawback_10k,122,0.007774594987150004,0.06009864586100913
创业板,2022.0,offline_issue_before_share_pct,122,-0.043904338371979885,0.05270535111845116
创业板,2022.0,total_issue_shares_10k,122,0.00949936231954721,0.031606729660682
创业板,2022.0,strategic_allocation_10k,122,0.009110015835559959,0.025805339821103362
创业板,2022.0,strategic_allocation_share_pct,122,0.0018503210981881163,0.022727807227237874
创业板,2022.0,online_issue_before_clawback_10k,122,0.003044463226733996,0.022286840235978635
创业板,2022.0,market_turnover_ma20_over_ma60,122,0.017960318119368462,0.021946588008071522
创业板,2022.0,same_board_concurrent_ipo_count,122,0.01959558531570966,0.02074721777411834
创业板,2022.0,comparable_pe_avg_ex_nonrecurring,122,0.005704931199761115,0.02052751597702052
创业板,2022.0,market_return_ma20,122,-0.005163532143152747,0.019048808913364083
创业板,2022.0,concurrent_offline_issue_sum_10k,122,-0.010472741400399145,0.018602295786139436
创业板,2022.0,market_turnover_pct_rank_1y,122,0.006305808005919184,0.01634422247639864
创业板,2022.0,industry_pe_at_ipo,122,0.0009344758033100879,0.01312289148563072
创业板,2022.0,board,122,0.005413790459000547,0.012648407102088071
创业板,2022.0,concurrent_ipo_count,122,0.01141651446116984,0.012511034171920529
创业板,2022.0,same_board_break_rate_ma10,122,-0.00574283242336294,0.01228224516945879
创业板,2023.0,subscription_step_10k,100,0.1044257617943292,0.1044257617943292
创业板,2023.0,recent_ipo_first_day_return_ma20,100,-0.06024391021881845,0.08581275020793627
创业板,2023.0,market_turnover_ma20,100,0.0654103428451525,0.06841585724193679
创业板,2023.0,subscription_upper_limit_10k,100,0.013153484304579162,0.06474847492488302
创业板,2023.0,offline_issue_before_clawback_10k,100,0.009423439806235452,0.06387464613512689
创业板,2023.0,offline_issue_before_share_pct,100,-0.05253016162446911,0.059873717360006795
创业板,2023.0,subscription_lower_limit_10k,100,0.030425068805595968,0.05233969437709012
创业板,2023.0,total_issue_shares_10k,100,0.00986600033693513,0.033486117103699566
创业板,2023.0,strategic_allocation_share_pct,100,-0.004220106906518722,0.029817235282239743
创业板,2023.0,market_turnover_ma20_over_ma60,100,0.028020581451637758,0.028452355463642668
创业板,2023.0,online_issue_before_clawback_10k,100,0.006436667580849743,0.023950148188021752
创业板,2023.0,comparable_pe_avg_ex_nonrecurring,100,0.009285984382287065,0.023227590280365633
创业板,2023.0,strategic_allocation_10k,100,0.012762055309036317,0.02109845533225481
创业板,2023.0,same_board_concurrent_ipo_count,100,0.01780900579964201,0.018419895911332144
创业板,2023.0,market_return_ma20,100,0.0019676075402762176,0.01746436474501653
创业板,2023.0,market_turnover_pct_rank_1y,100,0.008345812016710023,0.017097598207368236
创业板,2023.0,industry_pe_at_ipo,100,0.003984733820629813,0.014048503650677353
创业板,2023.0,board,100,0.008075612229800822,0.013234508456027173
创业板,2023.0,concurrent_ipo_count,100,0.012247047132564661,0.01273235615475715
创业板,2023.0,same_board_break_rate_ma10,100,-0.006398860006131888,0.012204740892650752
创业板,2023.0,concurrent_offline_issue_sum_10k,100,-0.006716277892775608,0.01219034927164518
创业板,2024.0,market_turnover_ma20,28,-0.00950517773652616,0.13505601640538692
创业板,2024.0,subscription_step_10k,28,0.10491653139609824,0.10491653139609824
创业板,2024.0,recent_ipo_first_day_return_ma20,28,0.07782193923730205,0.07782193923730205
创业板,2024.0,market_turnover_ma20_over_ma60,28,-0.0012704795368651198,0.06798884651223111
创业板,2024.0,offline_issue_before_share_pct,28,-0.010112706335119815,0.06586245687880628
创业板,2024.0,offline_issue_before_clawback_10k,28,0.03698241272168934,0.06361439772390236
创业板,2024.0,subscription_upper_limit_10k,28,-0.02199383503081551,0.05551883059312947
创业板,2024.0,market_turnover_pct_rank_1y,28,0.036524821294707396,0.05378207846979777
创业板,2024.0,subscription_lower_limit_10k,28,0.01926561185964341,0.05315933659842394
创业板,2024.0,board,28,0.03149323873166971,0.03250148163769022
创业板,2024.0,total_issue_shares_10k,28,0.02040752030089128,0.02772416378091821
创业板,2024.0,strategic_allocation_10k,28,-0.0030308455090163984,0.019557540220243308
创业板,2024.0,strategic_allocation_share_pct,28,0.01059706401896677,0.019032224967378063
创业板,2024.0,online_issue_before_clawback_10k,28,0.01623489433861818,0.018361695701622115
创业板,2024.0,same_board_concurrent_ipo_count,28,0.017946111066402655,0.017946111066402655
创业板,2024.0,comparable_pe_avg_ex_nonrecurring,28,0.00829043586661395,0.016928623311343014
创业板,2024.0,market_return_ma20,28,-0.0009020345681150455,0.01496646774826342
创业板,2024.0,concurrent_offline_issue_sum_10k,28,-0.0004860699197157015,0.01364378454170938
创业板,2024.0,industry_pe_at_ipo,28,0.001616730238490299,0.010900113067245434
创业板,2024.0,concurrent_ipo_count,28,-0.0030796324793671026,0.00788294301722059
创业板,2024.0,same_board_break_rate_ma10,28,0.006090864474983253,0.006487760728485414
创业板,2025.0,market_turnover_ma20,28,0.1641828745197421,0.1641828745197421
创业板,2025.0,recent_ipo_first_day_return_ma20,28,0.11682533375175737,0.11682533375175737
创业板,2025.0,subscription_step_10k,28,0.10792522737273459,0.10792522737273459
创业板,2025.0,subscription_upper_limit_10k,28,0.020577359083081986,0.08592993790033317
创业板,2025.0,offline_issue_before_clawback_10k,28,0.003938597950217588,0.07431664026724409
创业板,2025.0,offline_issue_before_share_pct,28,0.004048600585817971,0.06456495989518142
创业板,2025.0,subscription_lower_limit_10k,28,0.040645700408642564,0.0481903700465243
创业板,2025.0,market_turnover_ma20_over_ma60,28,0.0062127701249309235,0.0457106912543753
创业板,2025.0,total_issue_shares_10k,28,-0.0028305867371820133,0.04101340980222201
创业板,2025.0,strategic_allocation_share_pct,28,-0.00214267359878898,0.027924773559287186
创业板,2025.0,online_issue_before_clawback_10k,28,-0.0031366281714977607,0.024368188628809306
创业板,2025.0,market_return_ma20,28,-0.01175553866661752,0.02171034748934476
创业板,2025.0,board,28,0.02115375802732412,0.021226947841765043
创业板,2025.0,strategic_allocation_10k,28,-0.0055396053477515085,0.020555157491466435
创业板,2025.0,market_turnover_pct_rank_1y,28,-0.006125580833506036,0.019965227084485917
创业板,2025.0,same_board_concurrent_ipo_count,28,0.018143386210608646,0.01852194501786476
创业板,2025.0,comparable_pe_avg_ex_nonrecurring,28,0.004132913778301231,0.01747280228914866
创业板,2025.0,concurrent_offline_issue_sum_10k,28,0.0035769339868301953,0.013894105449566844
创业板,2025.0,concurrent_ipo_count,28,0.01106080711674146,0.011189183021222739
创业板,2025.0,same_board_break_rate_ma10,28,0.010249866896497376,0.010249866896497376
创业板,2025.0,industry_pe_at_ipo,28,-0.000995037268330749,0.010121402681032843
创业板,2026.0,market_turnover_ma20,8,0.3199654959901046,0.3199654959901046
创业板,2026.0,recent_ipo_first_day_return_ma20,8,0.12228140090096332,0.12228140090096332
创业板,2026.0,subscription_step_10k,8,0.10788824142393594,0.10788824142393594
创业板,2026.0,subscription_lower_limit_10k,8,0.015401387645757906,0.042698513960503344
创业板,2026.0,offline_issue_before_clawback_10k,8,0.02351831701609058,0.04194609258402288
创业板,2026.0,offline_issue_before_share_pct,8,-0.01254994248818536,0.04025009503061364
创业板,2026.0,subscription_upper_limit_10k,8,-0.000650498925634734,0.03915212757476992
创业板,2026.0,market_turnover_pct_rank_1y,8,0.01205888483846623,0.033480471435863426
创业板,2026.0,market_turnover_ma20_over_ma60,8,0.03014566845548331,0.03014566845548331
创业板,2026.0,strategic_allocation_share_pct,8,0.020212346876747226,0.02813715990366866
创业板,2026.0,strategic_allocation_10k,8,-0.01100962933856824,0.026273031555414498
创业板,2026.0,total_issue_shares_10k,8,0.022231872412599857,0.022309866851617007
创业板,2026.0,same_board_concurrent_ipo_count,8,0.019390102338376694,0.019390102338376694
创业板,2026.0,online_issue_before_clawback_10k,8,0.012458506249178014,0.01890514596084443
创业板,2026.0,board,8,0.018462554850015755,0.018462554850015755
创业板,2026.0,concurrent_ipo_count,8,0.018420337250062663,0.018420337250062663
创业板,2026.0,comparable_pe_avg_ex_nonrecurring,8,-0.002429158541547534,0.013726183842912689
创业板,2026.0,same_board_break_rate_ma10,8,0.012238522834199985,0.012238522834199985
创业板,2026.0,market_return_ma20,8,0.010570762405019907,0.012165837615792614
创业板,2026.0,concurrent_offline_issue_sum_10k,8,-0.005818389947420415,0.010187396294713111
创业板,2026.0,industry_pe_at_ipo,8,0.007120165401396697,0.008013887811477027
北交所,2020.0,subscription_step_10k,30,-2.883798228332494,2.883798228332494
北交所,2020.0,board,30,-0.8324025272494737,0.8324025272494737
北交所,2020.0,subscription_lower_limit_10k,30,-0.6998514216138774,0.6998514216138774
北交所,2020.0,recent_ipo_first_day_return_ma20,30,-0.20242874218126553,0.23694397183156726
北交所,2020.0,subscription_upper_limit_10k,30,0.0007268113817066971,0.14793902040261578
北交所,2020.0,online_issue_before_clawback_10k,30,0.020540997941666604,0.1362077317692221
北交所,2020.0,same_board_concurrent_ipo_count,30,-0.10368658961738318,0.10865729353249644
北交所,2020.0,concurrent_ipo_count,30,-0.09540896728202743,0.09863416715387006
北交所,2020.0,offline_issue_before_share_pct,30,0.031953167108156634,0.0832715625452715
北交所,2020.0,market_turnover_ma20_over_ma60,30,-0.04696040424451493,0.08212273366009763
北交所,2020.0,offline_issue_before_clawback_10k,30,0.049273933713478255,0.07215170394568132
北交所,2020.0,total_issue_shares_10k,30,0.007342243125300887,0.06937460854997163
北交所,2020.0,comparable_pe_avg_ex_nonrecurring,30,-0.0482407651413911,0.0482407651413911
北交所,2020.0,strategic_allocation_10k,30,-0.004311762092613635,0.03211364847057278
北交所,2020.0,market_return_ma20,30,-0.012661545526404009,0.030778405165353965
北交所,2020.0,concurrent_offline_issue_sum_10k,30,0.009942110873946648,0.027863862075788257
北交所,2020.0,strategic_allocation_share_pct,30,-0.007988864284315163,0.027276428390696376
北交所,2020.0,market_turnover_ma20,30,0.007152095302712808,0.026766638209344232
北交所,2020.0,market_turnover_pct_rank_1y,30,-0.0028079827962482332,0.019464159260526834
北交所,2020.0,industry_pe_at_ipo,30,-0.00029282732314129915,0.008077964920882846
北交所,2020.0,same_board_break_rate_ma10,30,0.0006334149434430122,0.006867641250141881
北交所,2021.0,subscription_step_10k,5,-2.846354567218183,2.846354567218183
北交所,2021.0,board,5,-0.8593835814251669,0.8593835814251669
北交所,2021.0,subscription_lower_limit_10k,5,-0.812080948290304,0.812080948290304
北交所,2021.0,recent_ipo_first_day_return_ma20,5,-0.2699681188867866,0.2699681188867866
北交所,2021.0,offline_issue_before_clawback_10k,5,0.0797228271752142,0.0797228271752142
北交所,2021.0,concurrent_offline_issue_sum_10k,5,0.040735742674832834,0.06777662129761025
北交所,2021.0,comparable_pe_avg_ex_nonrecurring,5,-0.06652736680147478,0.06652736680147478
北交所,2021.0,total_issue_shares_10k,5,0.06163918609589466,0.06163918609589466
北交所,2021.0,market_return_ma20,5,0.03606698443883259,0.054449113464981914
北交所,2021.0,subscription_upper_limit_10k,5,-0.050606320512036965,0.05426802036602746
北交所,2021.0,offline_issue_before_share_pct,5,-0.012852338864042218,0.051529183246967106
北交所,2021.0,online_issue_before_clawback_10k,5,0.048163353658544544,0.048163353658544544
北交所,2021.0,strategic_allocation_share_pct,5,-0.022389593202974532,0.04694160500990662
北交所,2021.0,market_turnover_ma20,5,0.008354894577160297,0.03189353664090736
北交所,2021.0,strategic_allocation_10k,5,0.030298624382065847,0.03185731974072548
北交所,2021.0,concurrent_ipo_count,5,0.019140641805019107,0.020799193192720687
北交所,2021.0,market_turnover_ma20_over_ma60,5,-0.013782109030034368,0.018005213365736888
北交所,2021.0,market_turnover_pct_rank_1y,5,-0.0150438916966016,0.016674440676296292
北交所,2021.0,same_board_break_rate_ma10,5,-0.00028617851359566507,0.010552921201695268
北交所,2021.0,same_board_concurrent_ipo_count,5,-0.00236294088174348,0.009687447545257775
北交所,2021.0,industry_pe_at_ipo,5,-0.0014375097096102928,0.0014375097096102928
北交所,2022.0,subscription_step_10k,3,-2.9369429323769194,2.9369429323769194
北交所,2022.0,board,3,-0.8833772757562683,0.8833772757562683
北交所,2022.0,subscription_lower_limit_10k,3,-0.7940659123344119,0.7940659123344119
北交所,2022.0,subscription_upper_limit_10k,3,0.0650558401768952,0.20700542430012772
北交所,2022.0,online_issue_before_clawback_10k,3,-0.015106857625017548,0.19123000360931208
北交所,2022.0,recent_ipo_first_day_return_ma20,3,-0.1464664799840433,0.1464664799840433
北交所,2022.0,market_return_ma20,3,0.10733772041112775,0.10733772041112775
北交所,2022.0,total_issue_shares_10k,3,-0.007314908649785336,0.09408206729269526
北交所,2022.0,strategic_allocation_10k,3,-0.04803369808861671,0.08963261715535935
北交所,2022.0,market_turnover_ma20_over_ma60,3,0.08939640506137697,0.08939640506137697
北交所,2022.0,offline_issue_before_clawback_10k,3,0.03080082100571525,0.0822795547592387
北交所,2022.0,concurrent_offline_issue_sum_10k,3,0.021646258603195283,0.07449063438185542
北交所,2022.0,market_turnover_ma20,3,0.01894167787153244,0.06368903471453845
北交所,2022.0,offline_issue_before_share_pct,3,2.6721331019612566e-05,0.05931775089651468
北交所,2022.0,strategic_allocation_share_pct,3,-0.04412795333400429,0.04412795333400429
北交所,2022.0,comparable_pe_avg_ex_nonrecurring,3,-0.02688825229072139,0.04038239347879009
北交所,2022.0,market_turnover_pct_rank_1y,3,-0.02677456213168845,0.02677456213168845
北交所,2022.0,concurrent_ipo_count,3,0.012064321066635,0.01521446902563265
北交所,2022.0,industry_pe_at_ipo,3,0.003288595746330577,0.013003558940889373
北交所,2022.0,same_board_break_rate_ma10,3,-0.011343399079152883,0.012661226670554174
北交所,2022.0,same_board_concurrent_ipo_count,3,-0.0020476933927368276,0.005391985065364691
北交所,2023.0,subscription_step_10k,2,-3.2684342136890807,3.2684342136890807
北交所,2023.0,subscription_lower_limit_10k,2,-1.0224339670961813,1.0224339670961813
北交所,2023.0,board,2,-0.9723434495656751,0.9723434495656751
北交所,2023.0,online_issue_before_clawback_10k,2,-0.32771665647501674,0.32771665647501674
北交所,2023.0,recent_ipo_first_day_return_ma20,2,-0.22032876603795143,0.22032876603795143
北交所,2023.0,strategic_allocation_10k,2,-0.125581593658044,0.125581593658044
北交所,2023.0,offline_issue_before_share_pct,2,-0.10622308344511201,0.10622308344511201
北交所,2023.0,total_issue_shares_10k,2,-0.10404599378408907,0.10404599378408907
北交所,2023.0,strategic_allocation_share_pct,2,-0.09504183857225978,0.09504183857225978
北交所,2023.0,market_return_ma20,2,-0.09136190996205723,0.09136190996205723
北交所,2023.0,subscription_upper_limit_10k,2,-0.09076287725767823,0.09076287725767823
北交所,2023.0,market_turnover_pct_rank_1y,2,-0.08048286623909207,0.08048286623909207
北交所,2023.0,offline_issue_before_clawback_10k,2,-0.07577632289387667,0.07577632289387667
北交所,2023.0,comparable_pe_avg_ex_nonrecurring,2,-0.056969758871032686,0.056969758871032686
北交所,2023.0,concurrent_offline_issue_sum_10k,2,-0.04563692405224129,0.055307417532738434
北交所,2023.0,market_turnover_ma20_over_ma60,2,-0.052041001160827424,0.052041001160827424
北交所,2023.0,market_turnover_ma20,2,-0.039532756504315106,0.039532756504315106
北交所,2023.0,same_board_break_rate_ma10,2,-0.010961307866917572,0.015558182509329454
北交所,2023.0,concurrent_ipo_count,2,0.002104256020986124,0.010776230895965404
北交所,2023.0,industry_pe_at_ipo,2,-0.010405775445606358,0.010405775445606358
北交所,2023.0,same_board_concurrent_ipo_count,2,-0.0036199508855815723,0.007126614073744044
北交所,2026.0,subscription_step_10k,1,-2.8944604098819684,2.8944604098819684
北交所,2026.0,board,1,-0.8281903406677883,0.8281903406677883
北交所,2026.0,subscription_lower_limit_10k,1,-0.5526221029988294,0.5526221029988294
北交所,2026.0,market_turnover_ma20,1,0.3968211860497571,0.3968211860497571
北交所,2026.0,subscription_upper_limit_10k,1,0.3451819086511571,0.3451819086511571
北交所,2026.0,recent_ipo_first_day_return_ma20,1,0.2236218498258089,0.2236218498258089
北交所,2026.0,market_return_ma20,1,0.1990424060929091,0.1990424060929091
北交所,2026.0,offline_issue_before_share_pct,1,0.1719685309835774,0.1719685309835774
北交所,2026.0,market_turnover_ma20_over_ma60,1,0.14313865609318613,0.14313865609318613
北交所,2026.0,market_turnover_pct_rank_1y,1,0.0789063441604599,0.0789063441604599
北交所,2026.0,offline_issue_before_clawback_10k,1,0.07559193103477861,0.07559193103477861
北交所,2026.0,online_issue_before_clawback_10k,1,-0.06888634613927615,0.06888634613927615
北交所,2026.0,strategic_allocation_10k,1,0.055086820639368074,0.055086820639368074
北交所,2026.0,concurrent_offline_issue_sum_10k,1,0.0464375151686725,0.0464375151686725
北交所,2026.0,strategic_allocation_share_pct,1,0.04192197973358632,0.04192197973358632
北交所,2026.0,same_board_concurrent_ipo_count,1,0.02519861171303884,0.02519861171303884
北交所,2026.0,concurrent_ipo_count,1,0.02398752571853266,0.02398752571853266
北交所,2026.0,industry_pe_at_ipo,1,0.02318078194843927,0.02318078194843927
北交所,2026.0,same_board_break_rate_ma10,1,0.00500917056308746,0.00500917056308746
北交所,2026.0,comparable_pe_avg_ex_nonrecurring,1,-0.0047632481612222746,0.0047632481612222746
北交所,2026.0,total_issue_shares_10k,1,0.0024466205835560625,0.0024466205835560625
科创板,2019.0,market_turnover_ma20,70,-1.1107322675785776,1.1107322675785776
科创板,2019.0,subscription_upper_limit_10k,70,-0.2317894188456442,0.25392016982039595
科创板,2019.0,same_board_concurrent_ipo_count,70,-0.15796903056815287,0.16674145651047345
科创板,2019.0,subscription_step_10k,70,0.08685615796599433,0.08685615796599433
科创板,2019.0,offline_issue_before_clawback_10k,70,-0.019525737900826175,0.08021572018972427
科创板,2019.0,market_turnover_ma20_over_ma60,70,-0.009673832058001096,0.064445662881426
科创板,2019.0,subscription_lower_limit_10k,70,0.007675230236996555,0.06289329551866539
科创板,2019.0,offline_issue_before_share_pct,70,-0.016364010970559686,0.05316201514063661
科创板,2019.0,strategic_allocation_share_pct,70,-0.010675386550794442,0.05166043656563642
科创板,2019.0,board,70,-0.05107943672762492,0.05107943672762492
科创板,2019.0,online_issue_before_clawback_10k,70,-0.002916794940050372,0.04215235184920535
科创板,2019.0,total_issue_shares_10k,70,-0.008590164239464251,0.03979034070847353
科创板,2019.0,concurrent_ipo_count,70,-0.03813743548566274,0.03948568572286814
科创板,2019.0,market_turnover_pct_rank_1y,70,-0.027096503022937476,0.03676769585912005
科创板,2019.0,concurrent_offline_issue_sum_10k,70,-0.007720910680938844,0.03031482183130934
科创板,2019.0,market_return_ma20,70,0.00308182220220317,0.026600574170563572
科创板,2019.0,strategic_allocation_10k,70,0.007258404498727484,0.023931253168551495
科创板,2019.0,recent_ipo_first_day_return_ma20,70,0.005750902768153006,0.022870013739844177
科创板,2019.0,comparable_pe_avg_ex_nonrecurring,70,0.004162760749523478,0.019722892318875824
科创板,2019.0,industry_pe_at_ipo,70,-0.0005944995194510598,0.010294335972287223
科创板,2019.0,same_board_break_rate_ma10,70,0.0007875974766430514,0.0034490812935161733
科创板,2020.0,market_turnover_ma20,143,-0.06988952359172826,0.15869073500234593
科创板,2020.0,market_turnover_ma20_over_ma60,143,-0.07888750772285325,0.108330178698101
科创板,2020.0,subscription_step_10k,143,0.10205310864100609,0.10205310864100609
科创板,2020.0,subscription_lower_limit_10k,143,0.004606224987978089,0.08231702056512818
科创板,2020.0,offline_issue_before_clawback_10k,143,-0.0006217832012141396,0.07820462046431874
科创板,2020.0,board,143,-0.07431833215863193,0.07431833215863193
科创板,2020.0,subscription_upper_limit_10k,143,0.01676405218571952,0.07386151823633554
科创板,2020.0,concurrent_ipo_count,143,-0.056840764507839925,0.07257324151421446
科创板,2020.0,offline_issue_before_share_pct,143,-0.010169500762176426,0.054086215846516066
科创板,2020.0,strategic_allocation_share_pct,143,-0.0014071736945989845,0.05188140745425258
科创板,2020.0,recent_ipo_first_day_return_ma20,143,0.04062738754980262,0.04534885225837297
科创板,2020.0,total_issue_shares_10k,143,-0.0028192998048501682,0.04295123328283504
科创板,2020.0,same_board_concurrent_ipo_count,143,-0.008318352994650908,0.03936698241511532
科创板,2020.0,online_issue_before_clawback_10k,143,-0.003716038055887762,0.03558187990252638
科创板,2020.0,market_turnover_pct_rank_1y,143,-0.022621080516227292,0.03380750973126475
科创板,2020.0,market_return_ma20,143,-0.00914446123438808,0.029368009944597057
科创板,2020.0,strategic_allocation_10k,143,0.0027111664527498555,0.023807404711831247
科创板,2020.0,comparable_pe_avg_ex_nonrecurring,143,-0.00877341711365247,0.020053724435986804
科创板,2020.0,concurrent_offline_issue_sum_10k,143,-0.005433285996117578,0.01998946675150847
科创板,2020.0,industry_pe_at_ipo,143,-0.0036499826207412934,0.010909749601619098
科创板,2020.0,same_board_break_rate_ma10,143,0.004077435925918233,0.006758066119998744
科创板,2021.0,recent_ipo_first_day_return_ma20,162,0.08978730022866545,0.10802557808823741
科创板,2021.0,subscription_step_10k,162,0.10607273380088154,0.10607273380088154
科创板,2021.0,market_turnover_ma20,162,0.09329984682872355,0.09331489425992968
科创板,2021.0,subscription_upper_limit_10k,162,0.015729159209418666,0.08427633062528017
科创板,2021.0,offline_issue_before_clawback_10k,162,0.014809852543495965,0.08078298383846377
科创板,2021.0,board,162,-0.06213376378694665,0.06213376378694665
科创板,2021.0,subscription_lower_limit_10k,162,0.03698538750601908,0.06148317662876855
科创板,2021.0,offline_issue_before_share_pct,162,0.035511427975430145,0.05939604043436305
科创板,2021.0,strategic_allocation_share_pct,162,0.021775880737618276,0.050254780839191104
科创板,2021.0,total_issue_shares_10k,162,-0.0021687165893547852,0.049442134834868645
科创板,2021.0,market_turnover_ma20_over_ma60,162,0.042081615005544526,0.0476127464278629
科创板,2021.0,online_issue_before_clawback_10k,162,0.00034392015315501975,0.03606345899361652
科创板,2021.0,market_turnover_pct_rank_1y,162,0.0032366584711006298,0.0311051526510636
科创板,2021.0,concurrent_ipo_count,162,0.023703168966108055,0.024837057489892303
科创板,2021.0,same_board_concurrent_ipo_count,162,0.024183790475860212,0.024552745259926245
科创板,2021.0,strategic_allocation_10k,162,0.0008352545447855829,0.0214931491363776
科创板,2021.0,market_return_ma20,162,0.006441873705571123,0.018977422455271894
科创板,2021.0,comparable_pe_avg_ex_nonrecurring,162,0.0010596921649352207,0.01702860629256484
科创板,2021.0,concurrent_offline_issue_sum_10k,162,-0.0015268229256978256,0.016630358986048675
科创板,2021.0,same_board_break_rate_ma10,162,0.007256762975787613,0.01154182627367543
科创板,2021.0,industry_pe_at_ipo,162,-0.0022142141454121996,0.011524317757499927
科创板,2022.0,recent_ipo_first_day_return_ma20,123,-0.15494643427865437,0.15494643427865437
科创板,2022.0,subscription_step_10k,123,0.1027587842308858,0.1027587842308858
科创板,2022.0,subscription_upper_limit_10k,123,0.03766169196430204,0.08591174468586496
科创板,2022.0,offline_issue_before_clawback_10k,123,-0.011586203865366353,0.07806942048141789
科创板,2022.0,subscription_lower_limit_10k,123,-0.003580612585526057,0.07639238245111282
科创板,2022.0,board,123,-0.07418610643366601,0.07418610643366601
科创板,2022.0,offline_issue_before_share_pct,123,-0.009393828942611523,0.06516800342178655
科创板,2022.0,market_turnover_ma20,123,0.06259687808569257,0.0642654049941828
科创板,2022.0,total_issue_shares_10k,123,-0.015595771273657409,0.051276982744738436
科创板,2022.0,strategic_allocation_share_pct,123,-0.011707510336255712,0.036887230545472535
科创板,2022.0,strategic_allocation_10k,123,-0.008400055096754596,0.03354067713397174
科创板,2022.0,online_issue_before_clawback_10k,123,-0.005140902084537507,0.03190795457925614
科创板,2022.0,comparable_pe_avg_ex_nonrecurring,123,-0.009816627766479081,0.028939684346225465
科创板,2022.0,market_return_ma20,123,-0.011338765536137703,0.028922343582715424
科创板,2022.0,concurrent_offline_issue_sum_10k,123,-0.010320557022253674,0.02174142115281496
科创板,2022.0,same_board_concurrent_ipo_count,123,0.018779295366915697,0.02059549709204067
科创板,2022.0,market_turnover_ma20_over_ma60,123,0.017564522615899462,0.02030168665489786
科创板,2022.0,same_board_break_rate_ma10,123,-0.01616582688646271,0.019782447240918974
科创板,2022.0,concurrent_ipo_count,123,0.014168896515190607,0.01873362208467644
科创板,2022.0,market_turnover_pct_rank_1y,123,0.005592525626243182,0.015626324118442943
科创板,2022.0,industry_pe_at_ipo,123,0.00028108631004550327,0.013775270206793764
科创板,2023.0,subscription_upper_limit_10k,67,0.05331471255099969,0.1127868971374426
科创板,2023.0,subscription_step_10k,67,0.10226508494383744,0.10226508494383744
科创板,2023.0,recent_ipo_first_day_return_ma20,67,-0.09867380050936991,0.09867380050936991
科创板,2023.0,offline_issue_before_clawback_10k,67,-0.02762571059126476,0.09821242211863847
科创板,2023.0,market_turnover_ma20,67,0.07191510903365977,0.07334478449082676
科创板,2023.0,total_issue_shares_10k,67,-0.027104895845469608,0.0709569082750834
科创板,2023.0,board,67,-0.06853711152448329,0.06853711152448329
科创板,2023.0,subscription_lower_limit_10k,67,0.022523224900586936,0.06619589768920968
科创板,2023.0,offline_issue_before_share_pct,67,-0.002036811173950685,0.05565892719822697
科创板,2023.0,online_issue_before_clawback_10k,67,-0.014723218229870504,0.053199871969931374
科创板,2023.0,strategic_allocation_share_pct,67,-0.015603215190021894,0.035553372698763686
科创板,2023.0,market_turnover_ma20_over_ma60,67,0.031708087372717055,0.03249892114768124
科创板,2023.0,strategic_allocation_10k,67,-0.002102376189549348,0.028600662116672414
科创板,2023.0,market_turnover_pct_rank_1y,67,0.012974891442771825,0.02369608905841235
科创板,2023.0,industry_pe_at_ipo,67,0.010283598653775393,0.023645641331027794
科创板,2023.0,comparable_pe_avg_ex_nonrecurring,67,-0.005961914543119703,0.022235251944738924
科创板,2023.0,concurrent_offline_issue_sum_10k,67,-0.0024004165331208294,0.020143286937829075
科创板,2023.0,same_board_concurrent_ipo_count,67,0.016117962494291965,0.01944459556008829
科创板,2023.0,concurrent_ipo_count,67,0.011645545756186954,0.017417228618919117
科创板,2023.0,market_return_ma20,67,0.0069063379705210015,0.017367087235160943
科创板,2023.0,same_board_break_rate_ma10,67,-0.002364781877333608,0.010726438178288899
科创板,2024.0,market_turnover_ma20,15,0.025913662046170564,0.13910229817060954
科创板,2024.0,subscription_step_10k,15,0.10382890255383362,0.10382890255383362
科创板,2024.0,market_turnover_ma20_over_ma60,15,-0.03317403981475648,0.09309161307038183
科创板,2024.0,board,15,-0.09171047381589928,0.09171047381589928
科创板,2024.0,offline_issue_before_share_pct,15,-0.015075566446034964,0.08465353630883783
科创板,2024.0,offline_issue_before_clawback_10k,15,-0.010946178155114561,0.062382597236036036
科创板,2024.0,subscription_upper_limit_10k,15,0.03312463185394157,0.054086356075566014
科创板,2024.0,market_turnover_pct_rank_1y,15,0.03400327717085851,0.05006259477114299
科创板,2024.0,subscription_lower_limit_10k,15,0.025649931565312138,0.04844181090937814
科创板,2024.0,recent_ipo_first_day_return_ma20,15,-0.03480536870457329,0.045356203331214526
科创板,2024.0,strategic_allocation_10k,15,-0.0250026362653963,0.038127628196815935
科创板,2024.0,strategic_allocation_share_pct,15,-0.012831096235773743,0.03325471348140387
科创板,2024.0,concurrent_offline_issue_sum_10k,15,0.012157891558329229,0.028335014668255405
科创板,2024.0,total_issue_shares_10k,15,-0.00874732855873898,0.025093276565191943
科创板,2024.0,market_return_ma20,15,0.0004859462256923364,0.021815806599833114
科创板,2024.0,comparable_pe_avg_ex_nonrecurring,15,-0.0004634447624298997,0.019621696660899492
科创板,2024.0,concurrent_ipo_count,15,-0.017950504684501108,0.017950504684501108
科创板,2024.0,same_board_break_rate_ma10,15,0.0062816561352109996,0.017790902710770565
科创板,2024.0,online_issue_before_clawback_10k,15,0.006204668891914265,0.015859229109555124
科创板,2024.0,industry_pe_at_ipo,15,-0.0007308747323481896,0.014333959840111966
科创板,2024.0,same_board_concurrent_ipo_count,15,0.012188900165833006,0.0130908461778302
科创板,2025.0,market_turnover_ma20,19,0.14500838326162083,0.14500838326162083
科创板,2025.0,subscription_step_10k,19,0.10601373371517858,0.10601373371517858
科创板,2025.0,recent_ipo_first_day_return_ma20,19,0.10083917095243038,0.10083917095243038
科创板,2025.0,offline_issue_before_clawback_10k,19,-0.04283994038545111,0.08920644721963394
科创板,2025.0,subscription_upper_limit_10k,19,0.0642819944473608,0.08738743535327567
科创板,2025.0,board,19,-0.08337506872915598,0.08337506872915598
科创板,2025.0,subscription_lower_limit_10k,19,0.013984862941037379,0.06353810371265083
科创板,2025.0,total_issue_shares_10k,19,-0.041508105769190444,0.05904314043241078
科创板,2025.0,offline_issue_before_share_pct,19,0.026930425423399695,0.05188534397748619
科创板,2025.0,strategic_allocation_10k,19,-0.028564080495234137,0.03366274249018632
科创板,2025.0,comparable_pe_avg_ex_nonrecurring,19,-0.0281192257336376,0.03297387802217041
科创板,2025.0,market_turnover_ma20_over_ma60,19,-0.01479603235544219,0.03235792565140844
科创板,2025.0,market_turnover_pct_rank_1y,19,-0.025850759558870697,0.03216069408937678
科创板,2025.0,market_return_ma20,19,-0.015889229203619192,0.028946893893875
科创板,2025.0,online_issue_before_clawback_10k,19,-0.013480649759024726,0.02597012025816408
科创板,2025.0,strategic_allocation_share_pct,19,-0.016291864474759374,0.022279365823834274
科创板,2025.0,industry_pe_at_ipo,19,-0.014867528934666191,0.01994071233412779
科创板,2025.0,concurrent_ipo_count,19,0.005986891791830626,0.0171163127114536
科创板,2025.0,same_board_concurrent_ipo_count,19,0.012430570782941883,0.013047823996366698
科创板,2025.0,same_board_break_rate_ma10,19,0.011321633174752401,0.011663116854555941
科创板,2025.0,concurrent_offline_issue_sum_10k,19,0.002703182352800837,0.011448861498677175
科创板,2026.0,market_turnover_ma20,9,0.26166508571886865,0.26166508571886865
科创板,2026.0,recent_ipo_first_day_return_ma20,9,0.16016292657502632,0.16016292657502632
科创板,2026.0,subscription_upper_limit_10k,9,0.07956798209495052,0.12026991452021744
科创板,2026.0,offline_issue_before_clawback_10k,9,-0.059454906259333966,0.11020190224513354
科创板,2026.0,subscription_step_10k,9,0.1063233658064295,0.1063233658064295
科创板,2026.0,board,9,-0.08104261747919306,0.08104261747919306
科创板,2026.0,total_issue_shares_10k,9,-0.03641218639896177,0.06015849450648056
科创板,2026.0,offline_issue_before_share_pct,9,0.05239858042240053,0.058139986685230204
科创板,2026.0,market_turnover_ma20_over_ma60,9,-0.026017258154275105,0.051150676417170346
科创板,2026.0,subscription_lower_limit_10k,9,0.03668684800369162,0.04917705347522711
科创板,2026.0,online_issue_before_clawback_10k,9,-0.01749822018259576,0.03401594287085191
科创板,2026.0,market_turnover_pct_rank_1y,9,-0.0009964795476248975,0.02141894945866181
科创板,2026.0,comparable_pe_avg_ex_nonrecurring,9,-0.016615460443667757,0.019180932012843606
科创板,2026.0,strategic_allocation_10k,9,-0.006820103429529164,0.018921768615038505
科创板,2026.0,strategic_allocation_share_pct,9,-0.018169954452035127,0.018169954452035127
科创板,2026.0,same_board_concurrent_ipo_count,9,0.015238538060299909,0.015238538060299909
科创板,2026.0,concurrent_ipo_count,9,0.009726767062498405,0.012617781253230837
科创板,2026.0,same_board_break_rate_ma10,9,0.011489617064747026,0.011489617064747026
科创板,2026.0,concurrent_offline_issue_sum_10k,9,0.0021032931723390944,0.011223081772385166
科创板,2026.0,market_return_ma20,9,0.0031097699454587166,0.009524285841019898
科创板,2026.0,industry_pe_at_ipo,9,-0.0024947665742807742,0.006786339249669707
